Workbook
Name \0: #N/A
Name \A: [1]Laba!#REF!
Name \B: [1]Laba!#REF!
Name \C: [1]Laba!#REF!
Name \D: [2]Sheet1!$CO$8
Name \E: [2]Sheet1!$CO$10
Name \F: [2]Sheet1!$CO$12
Name \G: [2]Sheet1!$CO$14
Name \GD: #N/A
Name \H: [2]Sheet1!$CO$16
Name \I: [2]Sheet1!$CO$18
Name \J: [2]Sheet1!$CO$20
Name \K: [2]Sheet1!$CO$22
Name \L: [2]Sheet1!$CO$24
Name \m: #N/A
Name \n: #N/A
Name \o: #N/A
Name \p: #N/A
Name \q: #N/A
Name \r: #N/A
Name \s: #N/A
Name \t: #N/A
Name \u: #N/A
Name \v: #N/A
Name \w: #N/A
Name \x: #N/A
Name \y: #N/A
Name \z: #N/A
Name _\0: #N/A
Name _\GD: #N/A
Name _\o: #N/A
Name _\p: #N/A
Name _\q: #N/A
Name _\R: #N/A
Name _\s: #N/A
Name _\t: #N/A
Name _\u: #N/A
Name _\v: #N/A
Name _\w: #N/A
Name _\x: #N/A
Name _\y: #N/A
Name _\z: #N/A
Name _____________________HAL2: #REF!
Name _________________HAL2: #REF!
Name ________________HAL1: #N/A
Name _______________mpp1102: [3]MPP0102!$A$1:$AJ$1973
Name ______________HAL1: #N/A
Name ______________HAL2: #REF!
Name ______________mpp1102: [4]MPP0102!$A$1:$AJ$1973
Name _____________HAL1: #N/A
Name _____________mpp1002: [3]MPP0102!$A$1:$AJ$1973
Name _____________mpp1102: [4]MPP0102!$A$1:$AJ$1973
Name ____________HAL1: #N/A
Name ____________HAL2: #REF!
Name ____________mpp1002: [4]MPP0102!$A$1:$AJ$1973
Name ____________mpp1102: [4]MPP0102!$A$1:$AJ$1973
Name ___________HAL1: #N/A
Name ___________HAL2: #REF!
Name ___________mpp1002: [4]MPP0102!$A$1:$AJ$1973
Name ___________mpp1102: [5]MPP0102!$A$1:$AJ$1973

Sheet Input - OD Intl
C2: Jenis Produk (In Bulk / In Bag) | D2: Info Tarif Angkutan Bulan Mei 2023
D3: Tujuan | F3: Asal | K3: Term and Condition
F4: PKG | G4: PKC | H4: PKT | I4: PIM | J4: PSP
D5: Negara | E5: Pelabuhan | F5: Gresik | G5: Cigading | H5: Bontang | I5: Lhoksumawe | J5: Palembang
C6: Urea | D6: Philippine | E6: Davao | F6: 1207 | G6: 1561 | H6: 697 | I6: 1539 | J6: 1672
D7: Thailand | E7: Bangkok | F7: 1479 | G7: 1303 | H7: 1751 | I7: 1321 | J7: 1074
D8: Vietnam | E8: Hai Phong | F8: 1820 | G8: 1684 | H8: 1577 | I8: 1790 | J8: 1510
D9: Jepang | E9: Nagoya | F9: 2995 | G9: 3084 | H9: 2485 | I9: 3265 | J9: 2961
D10: Taiwan | E10: Taichung | F10: 2059 | G10: 2061 | H10: 1539 | I10: 2188 | J10: 1891
D11: WC-India | E11: Mundra | F11: 3414 | G11: 2983 | H11: 3906 | I11: 2277 | J11: 3024
D12: Australia | E12: Geelong | F12: 3242 | G12: 3329 | H12: 3627 | I12: 4328 | J12: 3640
D13: North Afrika | E13: Jorf Lasfar | F13: 7821 | G13: 7390 | H13: 8314 | I13: 6697 | J13: 7443
D14: Brazil | E14: Santos | F14: 8825 | G14: 8394 | H14: 9154 | I14: 8494 | J14: 8705
C15: NPK | D15: Philippine | E15: Davao | F15: 1207 | G15: 1561 | H15: 697 | I15: 1539 | J15: 1672
D16: Thailand | E16: Bangkok | F16: 1479 | G16: 1303 | H16: 1751 | I16: 1321 | J16: 1074
D17: Vietnam | E17: Hai Phong | F17: 1820 | G17: 1684 | H17: 1577 | I17: 1790 | J17: 1510
D18: Malaysia | E18: Port Klang | F18: 957 | G18: 746 | H18: 1339 | I18: 303 | J18: 466
D19: Laos
D20: WC-India | E20: Mundra | F20: 3414 | G20: 2983 | H20: 3906 | I20: 2277 | J20: 3024
D21: Morocco | E21: Jorf Lasfar | F21: 7821 | G21: 7390 | H21: 8314 | I21: 6697 | J21: 7443
D22: Myanmar | E22: Yangon | F22: 1853 | G22: 1641 | H22: 2234 | I22: 698 | J22: 1361
D23: Afsel | E23: Richard's Bay | F23: 4815 | G23: 4384 | H23: 5308 | I23: 4332 | J23: 4695
D24: Mesir | E24: Port Said | F24: 5665 | G24: 5234 | H24: 6158 | I24: 4541 | J24: 5287
D25: Tanzania | E25: Dar es Salaam | F25: 4413 | G25: 3982 | H25: 4905 | I25: 3562 | J25: 4292
D26: Ghana | E26: Tema | F26: 8140 | G26: 7709 | H26: 8632 | I26: 7728 | J26: 8019
C27: Amoniak | D27: Jepang | E27: Niihama | F27: 2918 | G27: 2944 | H27: 2408 | I27: 3131 | J27: 2818
D28: South Korea | E28: Busan | F28: 2809 | G28: 2849 | H28: 2289 | I28: 2975 | J28: 2679
D29: China | E29: Zhoushan | F29: 2415 | G29: 2410 | H29: 1895 | I29: 2535 | J29: 2241
D30: Australia | E30: Kwinana | F30: 1630 | G30: 1722 | H30: 2015 | I30: 2747 | J30: 2033
D31: WC-India | E31: Tuticorin | F31: 2363 | G31: 1932 | H31: 2855 | I31: 1226 | J31: 1973
D32: Myanmar | E32: Yangon | F32: 1853 | G32: 1641 | H32: 2234 | I32: 698 | J32: 1361
D33: Thailand | E33: Bangkok | F33: 1479 | G33: 1303 | H33: 1751 | I33: 1321 | J33: 1074
D34: Taiwan | E34: Taichung | F34: 2059 | G34: 2061 | H34: 1153 | I34: 2188 | J34: 1891

Sheet Input - Bunker
A1: Bunker Port | B1: VLSFO | C1: HSD | D1: Date
A2: Singapore | B2: 504 | C2: 591 | D2: 45786
B4: Clarkson Shipping Intelligence Weekly 09/05/25

Sheet Input - Vessel List
A1: No | B1: Nama Kapal | C1: TCE Rate | D1: DWT (MT) | E1: GT (MT) | F1: Draft (M) | G1: Speed Max (Knot) | H1: Speed Average (Knot) | I1: ME Fuel Type | J1: ME Power | K1: AE Power | L1: ME Cons | M1: AE Cons | N1: Tahun Pembuatan | O1: Jenis Kapal | P1: Flag | Q1: Status
A2: 1 | B2: Handysize | C2: 12000 | E2: 7497 | F2: 7.2 | G2: 12 | H2: 10 | I2: HSD | J2: =2*2500 -> 5000 | K2: =420 -> 420 | L2: =J2*0.7*0.12*24/0.86/1000 -> 11.72093 | M2: =K2*0.7*0.12*24/0.86/1000 -> 0.98455814 | N2: 1984 | O2: Dry bulk | P2: Indonesia | Q2: Owned
A3: 2 | B3: Handy SR | C3: 25809 | D3: 9327.4 | E3: 7451 | F3: 7.2 | G3: 12 | H3: 10 | I3: HSD | J3: =2*2500 -> 5000 | K3: =650 -> 650 | L3: =J3*0.7*0.12*24/0.86/1000 -> 11.72093 | M3: =K3*0.7*0.12*24/0.86/1000 -> 1.5237209 | N3: 1977 | O3: Dry bulk | P3: Indonesia | Q3: Owned
A4: 3 | B4: KM Soemantri Brodjonegoro | D4: 11161.5 | E4: 7473 | F4: 7.2 | G4: 8 | H4: 7 | I4: HSD | J4: =2*2500 -> 5000 | K4: =650 -> 650 | L4: =J4*0.7*0.12*24/0.86/1000 -> 11.72093 | M4: =K4*0.7*0.12*24/0.86/1000 -> 1.5237209 | N4: 1977 | O4: Dry bulk | P4: Indonesia | Q4: Owned
A5: 4 | B5: KM Julianto Moeliodihardjo | D5: 11161.5 | E5: 7473 | F5: 7.2 | G5: 7 | H5: 6.5 | I5: HSD | J5: =2*2500 -> 5000 | K5: =420 -> 420 | L5: =J5*0.7*0.12*24/0.86/1000 -> 11.72093 | M5: =K5*0.7*0.12*24/0.86/1000 -> 0.98455814 | N5: 1983 | O5: Dry bulk | P5: Indonesia | Q5: Owned
A6: 5 | B6: KM Pusri Indonesia | D6: 11195.4 | E6: 7339 | F6: 7.2 | G6: 8 | H6: 7 | I6: HSD | J6: =2*2500 -> 5000 | K6: =650 -> 650 | L6: =J6*0.7*0.12*24/0.86/1000 -> 11.72093 | M6: =K6*0.7*0.12*24/0.86/1000 -> 1.5237209 | N6: 1978 | O6: Dry bulk | P6: Indonesia | Q6: Owned
A7: 6 | B7: KM Mochtar Prabu Mangkunegara | D7: 11185.4 | E7: 7497 | F7: 7.2 | G7: 8 | H7: 7 | I7: HSD | J7: =2*2500 -> 5000 | K7: =420 -> 420 | L7: =J7*0.7*0.12*24/0.86/1000 -> 11.72093 | M7: =K7*0.7*0.12*24/0.86/1000 -> 0.98455814 | N7: 1983 | O7: Dry bulk | P7: Indonesia | Q7: Owned
A8: 7 | B8: KM Pusri Indonesia 1 | D8: 11485 | E8: 12454 | F8: 5.4 | G8: 8 | H8: 7 | I8: HSD | J8: =2*2100 -> 4200 | K8: =480 -> 480 | L8: =J8*0.7*0.12*24/0.86/1000 -> 9.8455814 | M8: =K8*0.7*0.12*24/0.86/1000 -> 1.1252093 | N8: 2014 | O8: General Cargo | P8: Indonesia | Q8: Owned
A9: 8 | B9: MT Sultan Mahmud Badaruddin II | D9: 11485 | E9: 7305 | F9: 6.2 | G9: 10 | H9: 10 | I9: HSD | J9: 5200 | K9: =650 -> 650 | L9: =J9*0.7*0.12*24/0.86/1000 -> 12.189767 | M9: =K9*0.7*0.12*24/0.86/1000 -> 1.5237209 | N9: 1984 | O9: LPG/C | P9: Indonesia | Q9: Owned
A10: 9 | B10: MT Salmon Mustafa | D10: 23256 | E10: 19511 | F10: 14.39 | G10: 10 | H10: 10 | I10: HSD | J10: 18200 | K10: =650 -> 650 | L10: =J10*0.7*0.12*24/0.86/1000 -> 42.664186 | M10: =K10*0.7*0.12*24/0.86/1000 -> 1.5237209 | N10: 1994 | O10: LPG/C | P10: Indonesia | Q10: Owned
D43: update 28/02/2025

Sheet Input - Time Sheet
A1: Vessel Name | B1: Voyage | C1: Activity | D1: Time Start | E1: Time Stop | F1: Duration
A2: KM Julianto Moeliodihardjo | B2: 1 | C2: Waiting Loading | D2: 45083.25 | E2: 45087.25 | F2: =E2-D2 -> 4
A3: KM Julianto Moeliodihardjo | B3: 1 | C3: Loading | D3: 45087.25 | E3: 45091.25 | F3: =E3-D3 -> 4
A4: KM Julianto Moeliodihardjo | B4: 1 | C4: Sailing to PoD | D4: 45091.25 | E4: 45098.25 | F4: =E4-D4 -> 7
A5: KM Julianto Moeliodihardjo | B5: 1 | C5: Waiting Discharge | D5: 45098.25 | E5: 45099.25 | F5: =E5-D5 -> 1
A6: KM Julianto Moeliodihardjo | B6: 1 | C6: Discharge | D6: 45099.25 | E6: 45102.25 | F6: =E6-D6 -> 3

Sheet Process - Intl
A1: No | B1: Ship class | C1: Loading Port | D1: Country | E1: Discharge Port | F1: COB | G1: Loading rate | H1: Discharge rate | I1: Free Time at PoL | J1: Free Time at PoD | K1: ME Fuel Type | L1: ME Fuel price | M1: Bunker Port | N1: VLSFO Price | O1: HSD Price | P1: Distance | Q1: Service speed | R1: Sailing Days | S1: Port Days | T1: Waiting Days | U1: Total Days | V1: ME Fuel Cons | W1: AE Fuel Cons | X1: Bunker Sailing | Y1: Bunker at Port | Z1: Bunker Waiting | AA1: Total Bunker | AB1: Port Charges | AC1: Canal Dues | AD1: TCE Rate | AE1: Total Fixed cost | AF1: Total Cost | AG1: Freight
A2: 1 | B2: Handysize | C2: Gresik | D2: Philippines | E2: Davao | F2: 30000 | G2: 4000 | H2: 4000 | I2: 1 | J2: 0 | K2: VLSFO | L2: =IF(K2 ="VLSFO", $N$2,$O$2) -> 504 | M2: Singapore | N2: =VLOOKUP(M2, 'Input - Bunker'!$A$2:$C$5,2,0) -> 504 | O2: =VLOOKUP(M2, 'Input - Bunker'!$A$2:$C$5,3,0) -> 591 | P2: ='Input - OD Intl'!F6 -> 1207 | Q2: =VLOOKUP(B2, 'Input - Vessel List'!$B$2:$K$11, 7,0) -> 10 | R2: =P2*2/(Q2*24) -> 10.058333 | S2: =(F2/G2)+(F2/H2) -> 15 | T2: =I2+J2 -> 1 | U2: =SUM(R2:T2) -> 26.058333 | V2: =VLOOKUP(B2, 'Input - Vessel List'!$B$2:$M$15, 11,0) -> 11.72093 | W2: =VLOOKUP(B2, 'Input - Vessel List'!$B$2:$M$15, 12,0) -> 0.98455814 | X2: =((R2*L2*V2)+(R2*L2*W2))*-1 -> -64409.203 | Y2: =S2*O2*W2*2*-1 -> -17456.216 | Z2: =T2*O2*W2*-1 -> -581.87386 | AA2: =SUM(X2:Z2) -> -82447.292 | AB2: =2.05*F2*-1*2 -> -123000 | AD2: =VLOOKUP(B2,'Input - Vessel List'!B:C,2,0) -> 12000 | AE2: =AD2*U2*-1 -> -312700 | AF2: =AA2+AB2+AE2+AC2 -> -518147.29 | AG2: =AF2/F2*-1 -> 17.271576
A3: 2 | B3: Handysize | C3: Gresik | D3: Thailand | E3: Bangkok | F3: 30000 | G3: 4000 | H3: =200*20 -> 4000 | I3: 1 | J3: 0 | K3: VLSFO | L3: =IF(K3 ="VLSFO", $N$2,$O$2) -> 504 | M3: Singapore | N3: =VLOOKUP(M3, 'Input - Bunker'!$A$2:$C$5,2,0) -> 504 | O3: =VLOOKUP(M3, 'Input - Bunker'!$A$2:$C$5,3,0) -> 591 | P3: ='Input - OD Intl'!F7 -> 1479 | Q3: =VLOOKUP(B3, 'Input - Vessel List'!$B$2:$K$11, 7,0) -> 10 | R3: =P3*2/(Q3*24) -> 12.325 | S3: =(F3/G3)+(F3/H3) -> 15 | T3: =I3+J3 -> 1 | U3: =SUM(R3:T3) -> 28.325 | V3: =VLOOKUP(B3, 'Input - Vessel List'!$B$2:$M$15, 11,0) -> 11.72093 | W3: =VLOOKUP(B3, 'Input - Vessel List'!$B$2:$M$15, 12,0) -> 0.98455814 | X3: =((R3*L3*V3)+(R3*L3*W3))*-1 -> -78923.953 | Y3: =S3*O3*W3*2*-1 -> -17456.216 | Z3: =T3*O3*W3*-1 -> -581.87386 | AA3: =SUM(X3:Z3) -> -96962.042 | AB3: =2.05*F3*-1*2 -> -123000 | AD3: =VLOOKUP(B3,'Input - Vessel List'!B:C,2,0) -> 12000 | AE3: =AD3*U3*-1 -> -339900 | AF3: =AA3+AB3+AE3+AC3 -> -559862.04 | AG3: =AF3/F3*-1 -> 18.662068
A4: 3 | B4: Handysize | C4: Gresik | D4: Vietnam | E4: Hai Phong | F4: 30000 | G4: 4000 | H4: =200*20 -> 4000 | I4: 1 | J4: 0 | K4: VLSFO | L4: =IF(K4 ="VLSFO", $N$2,$O$2) -> 504 | M4: Singapore | N4: =VLOOKUP(M4, 'Input - Bunker'!$A$2:$C$5,2,0) -> 504 | O4: =VLOOKUP(M4, 'Input - Bunker'!$A$2:$C$5,3,0) -> 591 | P4: ='Input - OD Intl'!F8 -> 1820 | Q4: =VLOOKUP(B4, 'Input - Vessel List'!$B$2:$K$11, 7,0) -> 10 | R4: =P4*2/(Q4*24) -> 15.166667 | S4: =(F4/G4)+(F4/H4) -> 15 | T4: =I4+J4 -> 1 | U4: =SUM(R4:T4) -> 31.166667 | V4: =VLOOKUP(B4, 'Input - Vessel List'!$B$2:$M$15, 11,0) -> 11.72093 | W4: =VLOOKUP(B4, 'Input - Vessel List'!$B$2:$M$15, 12,0) -> 0.98455814 | X4: =((R4*L4*V4)+(R4*L4*W4))*-1 -> -97120.753 | Y4: =S4*O4*W4*2*-1 -> -17456.216 | Z4: =T4*O4*W4*-1 -> -581.87386 | AA4: =SUM(X4:Z4) -> -115158.84 | AB4: =2.05*F4*-1*2 -> -123000 | AD4: =VLOOKUP(B4,'Input - Vessel List'!B:C,2,0) -> 12000 | AE4: =AD4*U4*-1 -> -374000 | AF4: =AA4+AB4+AE4+AC4 -> -612158.84 | AG4: =AF4/F4*-1 -> 20.405295
A5: 4 | B5: Handysize | C5: Gresik | D5: Jepang | E5: Nagoya | F5: 30000 | G5: 4000 | H5: =200*20 -> 4000 | I5: 1 | J5: 0 | K5: VLSFO | L5: =IF(K5 ="VLSFO", $N$2,$O$2) -> 504 | M5: Singapore | N5: =VLOOKUP(M5, 'Input - Bunker'!$A$2:$C$5,2,0) -> 504 | O5: =VLOOKUP(M5, 'Input - Bunker'!$A$2:$C$5,3,0) -> 591 | P5: ='Input - OD Intl'!F9 -> 2995 | Q5: =VLOOKUP(B5, 'Input - Vessel List'!$B$2:$K$11, 7,0) -> 10 | R5: =P5*2/(Q5*24) -> 24.958333 | S5: =(F5/G5)+(F5/H5) -> 15 | T5: =I5+J5 -> 1 | U5: =SUM(R5:T5) -> 40.958333 | V5: =VLOOKUP(B5, 'Input - Vessel List'!$B$2:$M$15, 11,0) -> 11.72093 | W5: =VLOOKUP(B5, 'Input - Vessel List'!$B$2:$M$15, 12,0) -> 0.98455814 | X5: =((R5*L5*V5)+(R5*L5*W5))*-1 -> -159822.34 | Y5: =S5*O5*W5*2*-1 -> -17456.216 | Z5: =T5*O5*W5*-1 -> -581.87386 | AA5: =SUM(X5:Z5) -> -177860.43 | AB5: =2.05*F5*-1*2 -> -123000 | AD5: =VLOOKUP(B5,'Input - Vessel List'!B:C,2,0) -> 12000 | AE5: =AD5*U5*-1 -> -491500 | AF5: =AA5+AB5+AE5+AC5 -> -792360.43 | AG5: =AF5/F5*-1 -> 26.412014
A6: 5 | B6: Handysize | C6: Gresik | D6: Taiwan | E6: Taichung | F6: 30000 | G6: 4000 | H6: =200*20 -> 4000 | I6: 1 | J6: 0 | K6: VLSFO | L6: =IF(K6 ="VLSFO", $N$2,$O$2) -> 504 | M6: Singapore | N6: =VLOOKUP(M6, 'Input - Bunker'!$A$2:$C$5,2,0) -> 504 | O6: =VLOOKUP(M6, 'Input - Bunker'!$A$2:$C$5,3,0) -> 591 | P6: ='Input - OD Intl'!F10 -> 2059 | Q6: =VLOOKUP(B6, 'Input - Vessel List'!$B$2:$K$11, 7,0) -> 10 | R6: =P6*2/(Q6*24) -> 17.158333 | S6: =(F6/G6)+(F6/H6) -> 15 | T6: =I6+J6 -> 1 | U6: =SUM(R6:T6) -> 33.158333 | V6: =VLOOKUP(B6, 'Input - Vessel List'!$B$2:$M$15, 11,0) -> 11.72093 | W6: =VLOOKUP(B6, 'Input - Vessel List'!$B$2:$M$15, 12,0) -> 0.98455814 | X6: =((R6*L6*V6)+(R6*L6*W6))*-1 -> -109874.52 | Y6: =S6*O6*W6*2*-1 -> -17456.216 | Z6: =T6*O6*W6*-1 -> -581.87386 | AA6: =SUM(X6:Z6) -> -127912.61 | AB6: =2.05*F6*-1*2 -> -123000 | AD6: =VLOOKUP(B6,'Input - Vessel List'!B:C,2,0) -> 12000 | AE6: =AD6*U6*-1 -> -397900 | AF6: =AA6+AB6+AE6+AC6 -> -648812.61 | AG6: =AF6/F6*-1 -> 21.627087
A7: 6 | B7: Handysize | C7: Gresik | D7: WC-India | E7: Mundra | F7: 30000 | G7: 4000 | H7: =200*20 -> 4000 | I7: 1 | J7: 0 | K7: VLSFO | L7: =IF(K7 ="VLSFO", $N$2,$O$2) -> 504 | M7: Singapore | N7: =VLOOKUP(M7, 'Input - Bunker'!$A$2:$C$5,2,0) -> 504 | O7: =VLOOKUP(M7, 'Input - Bunker'!$A$2:$C$5,3,0) -> 591 | P7: ='Input - OD Intl'!F11 -> 3414 | Q7: =VLOOKUP(B7, 'Input - Vessel List'!$B$2:$K$11, 7,0) -> 10 | R7: =P7*2/(Q7*24) -> 28.45 | S7: =(F7/G7)+(F7/H7) -> 15 | T7: =I7+J7 -> 1 | U7: =SUM(R7:T7) -> 44.45 | V7: =VLOOKUP(B7, 'Input - Vessel List'!$B$2:$M$15, 11,0) -> 11.72093 | W7: =VLOOKUP(B7, 'Input - Vessel List'!$B$2:$M$15, 12,0) -> 0.98455814 | X7: =((R7*L7*V7)+(R7*L7*W7))*-1 -> -182181.46 | Y7: =S7*O7*W7*2*-1 -> -17456.216 | Z7: =T7*O7*W7*-1 -> -581.87386 | AA7: =SUM(X7:Z7) -> -200219.55 | AB7: =2.05*F7*-1*2 -> -123000 | AD7: =VLOOKUP(B7,'Input - Vessel List'!B:C,2,0) -> 12000 | AE7: =AD7*U7*-1 -> -533400 | AF7: =AA7+AB7+AE7+AC7 -> -856619.55 | AG7: =AF7/F7*-1 -> 28.553985
A8: 7 | B8: Handysize | C8: Gresik | D8: Australia | E8: Geelong | F8: 30000 | G8: 4000 | H8: =200*20 -> 4000 | I8: 1 | J8: 0 | K8: VLSFO | L8: =IF(K8 ="VLSFO", $N$2,$O$2) -> 504 | M8: Singapore | N8: =VLOOKUP(M8, 'Input - Bunker'!$A$2:$C$5,2,0) -> 504 | O8: =VLOOKUP(M8, 'Input - Bunker'!$A$2:$C$5,3,0) -> 591 | P8: ='Input - OD Intl'!F12 -> 3242 | Q8: =VLOOKUP(B8, 'Input - Vessel List'!$B$2:$K$11, 7,0) -> 10 | R8: =P8*2/(Q8*24) -> 27.016667 | S8: =(F8/G8)+(F8/H8) -> 15 | T8: =I8+J8 -> 1 | U8: =SUM(R8:T8) -> 43.016667 | V8: =VLOOKUP(B8, 'Input - Vessel List'!$B$2:$M$15, 11,0) -> 11.72093 | W8: =VLOOKUP(B8, 'Input - Vessel List'!$B$2:$M$15, 12,0) -> 0.98455814 | X8: =((R8*L8*V8)+(R8*L8*W8))*-1 -> -173003.01 | Y8: =S8*O8*W8*2*-1 -> -17456.216 | Z8: =T8*O8*W8*-1 -> -581.87386 | AA8: =SUM(X8:Z8) -> -191041.1 | AB8: =2.05*F8*-1*2 -> -123000 | AD8: =VLOOKUP(B8,'Input - Vessel List'!B:C,2,0) -> 12000 | AE8: =AD8*U8*-1 -> -516200 | AF8: =AA8+AB8+AE8+AC8 -> -830241.1 | AG8: =AF8/F8*-1 -> 27.674703
A9: 8 | B9: Handysize | C9: Gresik | D9: North Afrika | E9: Jorf Lasfar | F9: 30000 | G9: 4000 | H9: =200*20 -> 4000 | I9: 1 | J9: 0 | K9: VLSFO | L9: =IF(K9 ="VLSFO", $N$2,$O$2) -> 504 | M9: Singapore | N9: =VLOOKUP(M9, 'Input - Bunker'!$A$2:$C$5,2,0) -> 504 | O9: =VLOOKUP(M9, 'Input - Bunker'!$A$2:$C$5,3,0) -> 591 | P9: ='Input - OD Intl'!F13 -> 7821 | Q9: =VLOOKUP(B9, 'Input - Vessel List'!$B$2:$K$11, 7,0) -> 10 | R9: =P9*2/(Q9*24) -> 65.175 | S9: =(F9/G9)+(F9/H9) -> 15 | T9: =I9+J9 -> 1 | U9: =SUM(R9:T9) -> 81.175 | V9: =VLOOKUP(B9, 'Input - Vessel List'!$B$2:$M$15, 11,0) -> 11.72093 | W9: =VLOOKUP(B9, 'Input - Vessel List'!$B$2:$M$15, 12,0) -> 0.98455814 | X9: =((R9*L9*V9)+(R9*L9*W9))*-1 -> -417352.42 | Y9: =S9*O9*W9*2*-1 -> -17456.216 | Z9: =T9*O9*W9*-1 -> -581.87386 | AA9: =SUM(X9:Z9) -> -435390.51 | AB9: =2.05*F9*-1*2 -> -123000 | AD9: =VLOOKUP(B9,'Input - Vessel List'!B:C,2,0) -> 12000 | AE9: =AD9*U9*-1 -> -974100 | AF9: =AA9+AB9+AE9+AC9 -> -1532490.5 | AG9: =AF9/F9*-1 -> 51.083017
A10: 9 | B10: Handysize | C10: Gresik | D10: Brazil | E10: Santos | F10: 30000 | G10: 4000 | H10: =200*20 -> 4000 | I10: 1 | J10: 0 | K10: VLSFO | L10: =IF(K10 ="VLSFO", $N$2,$O$2) -> 504 | M10: Singapore | N10: =VLOOKUP(M10, 'Input - Bunker'!$A$2:$C$5,2,0) -> 504 | O10: =VLOOKUP(M10, 'Input - Bunker'!$A$2:$C$5,3,0) -> 591 | P10: ='Input - OD Intl'!F14 -> 8825 | Q10: =VLOOKUP(B10, 'Input - Vessel List'!$B$2:$K$11, 7,0) -> 10 | R10: =P10*2/(Q10*24) -> 73.541667 | S10: =(F10/G10)+(F10/H10) -> 15 | T10: =I10+J10 -> 1 | U10: =SUM(R10:T10) -> 89.541667 | V10: =VLOOKUP(B10, 'Input - Vessel List'!$B$2:$M$15, 11,0) -> 11.72093 | W10: =VLOOKUP(B10, 'Input - Vessel List'!$B$2:$M$15, 12,0) -> 0.98455814 | X10: =((R10*L10*V10)+(R10*L10*W10))*-1 -> -470928.93 | Y10: =S10*O10*W10*2*-1 -> -17456.216 | Z10: =T10*O10*W10*-1 -> -581.87386 | AA10: =SUM(X10:Z10) -> -488967.02 | AB10: =2.05*F10*-1*2 -> -123000 | AD10: =VLOOKUP(B10,'Input - Vessel List'!B:C,2,0) -> 12000 | AE10: =AD10*U10*-1 -> -1074500 | AF10: =AA10+AB10+AE10+AC10 -> -1686467 | AG10: =AF10/F10*-1 -> 56.215567
A11: 10 | B11: Handysize | C11: Gresik | D11: Philippine | E11: Davao | F11: 30000 | G11: 4000 | H11: =200*20 -> 4000 | I11: 1 | J11: 0 | K11: VLSFO | L11: =IF(K11 ="VLSFO", $N$2,$O$2) -> 504 | M11: Singapore | N11: =VLOOKUP(M11, 'Input - Bunker'!$A$2:$C$5,2,0) -> 504 | O11: =VLOOKUP(M11, 'Input - Bunker'!$A$2:$C$5,3,0) -> 591 | P11: ='Input - OD Intl'!F15 -> 1207 | Q11: =VLOOKUP(B11, 'Input - Vessel List'!$B$2:$K$11, 7,0) -> 10 | R11: =P11*2/(Q11*24) -> 10.058333 | S11: =(F11/G11)+(F11/H11) -> 15 | T11: =I11+J11 -> 1 | U11: =SUM(R11:T11) -> 26.058333 | V11: =VLOOKUP(B11, 'Input - Vessel List'!$B$2:$M$15, 11,0) -> 11.72093 | W11: =VLOOKUP(B11, 'Input - Vessel List'!$B$2:$M$15, 12,0) -> 0.98455814 | X11: =((R11*L11*V11)+(R11*L11*W11))*-1 -> -64409.203 | Y11: =S11*O11*W11*2*-1 -> -17456.216 | Z11: =T11*O11*W11*-1 -> -581.87386 | AA11: =SUM(X11:Z11) -> -82447.292 | AB11: =2.05*F11*-1*2 -> -123000 | AD11: =VLOOKUP(B11,'Input - Vessel List'!B:C,2,0) -> 12000 | AE11: =AD11*U11*-1 -> -312700 | AF11: =AA11+AB11+AE11+AC11 -> -518147.29 | AG11: =AF11/F11*-1 -> 17.271576
A12: 11 | B12: Handysize | C12: Gresik | D12: Thailand | E12: Bangkok | F12: 30000 | G12: 4000 | H12: =200*20 -> 4000 | I12: 1 | J12: 0 | K12: VLSFO | L12: =IF(K12 ="VLSFO", $N$2,$O$2) -> 504 | M12: Singapore | N12: =VLOOKUP(M12, 'Input - Bunker'!$A$2:$C$5,2,0) -> 504 | O12: =VLOOKUP(M12, 'Input - Bunker'!$A$2:$C$5,3,0) -> 591 | P12: ='Input - OD Intl'!F16 -> 1479 | Q12: =VLOOKUP(B12, 'Input - Vessel List'!$B$2:$K$11, 7,0) -> 10 | R12: =P12*2/(Q12*24) -> 12.325 | S12: =(F12/G12)+(F12/H12) -> 15 | T12: =I12+J12 -> 1 | U12: =SUM(R12:T12) -> 28.325 | V12: =VLOOKUP(B12, 'Input - Vessel List'!$B$2:$M$15, 11,0) -> 11.72093 | W12: =VLOOKUP(B12, 'Input - Vessel List'!$B$2:$M$15, 12,0) -> 0.98455814 | X12: =((R12*L12*V12)+(R12*L12*W12))*-1 -> -78923.953 | Y12: =S12*O12*W12*2*-1 -> -17456.216 | Z12: =T12*O12*W12*-1 -> -581.87386 | AA12: =SUM(X12:Z12) -> -96962.042 | AB12: =2.05*F12*-1*2 -> -123000 | AD12: =VLOOKUP(B12,'Input - Vessel List'!B:C,2,0) -> 12000 | AE12: =AD12*U12*-1 -> -339900 | AF12: =AA12+AB12+AE12+AC12 -> -559862.04 | AG12: =AF12/F12*-1 -> 18.662068
A13: 12 | B13: Handysize | C13: Gresik | D13: Vietnam | E13: Hai Phong | F13: 30000 | G13: 4000 | H13: =200*20 -> 4000 | I13: 1 | J13: 0 | K13: VLSFO | L13: =IF(K13 ="VLSFO", $N$2,$O$2) -> 504 | M13: Singapore | N13: =VLOOKUP(M13, 'Input - Bunker'!$A$2:$C$5,2,0) -> 504 | O13: =VLOOKUP(M13, 'Input - Bunker'!$A$2:$C$5,3,0) -> 591 | P13: ='Input - OD Intl'!F17 -> 1820 | Q13: =VLOOKUP(B13, 'Input - Vessel List'!$B$2:$K$11, 7,0) -> 10 | R13: =P13*2/(Q13*24) -> 15.166667 | S13: =(F13/G13)+(F13/H13) -> 15 | T13: =I13+J13 -> 1 | U13: =SUM(R13:T13) -> 31.166667 | V13: =VLOOKUP(B13, 'Input - Vessel List'!$B$2:$M$15, 11,0) -> 11.72093 | W13: =VLOOKUP(B13, 'Input - Vessel List'!$B$2:$M$15, 12,0) -> 0.98455814 | X13: =((R13*L13*V13)+(R13*L13*W13))*-1 -> -97120.753 | Y13: =S13*O13*W13*2*-1 -> -17456.216 | Z13: =T13*O13*W13*-1 -> -581.87386 | AA13: =SUM(X13:Z13) -> -115158.84 | AB13: =2.05*F13*-1*2 -> -123000 | AD13: =VLOOKUP(B13,'Input - Vessel List'!B:C,2,0) -> 12000 | AE13: =AD13*U13*-1 -> -374000 | AF13: =AA13+AB13+AE13+AC13 -> -612158.84 | AG13: =AF13/F13*-1 -> 20.405295
A14: 13 | B14: Handysize | C14: Gresik | D14: Malaysia | E14: Port Klang | F14: 30000 | G14: 4000 | H14: =200*20 -> 4000 | I14: 1 | J14: 0 | K14: VLSFO | L14: =IF(K14 ="VLSFO", $N$2,$O$2) -> 504 | M14: Singapore | N14: =VLOOKUP(M14, 'Input - Bunker'!$A$2:$C$5,2,0) -> 504 | O14: =VLOOKUP(M14, 'Input - Bunker'!$A$2:$C$5,3,0) -> 591 | P14: ='Input - OD Intl'!F18 -> 957 | Q14: =VLOOKUP(B14, 'Input - Vessel List'!$B$2:$K$11, 7,0) -> 10 | R14: =P14*2/(Q14*24) -> 7.975 | S14: =(F14/G14)+(F14/H14) -> 15 | T14: =I14+J14 -> 1 | U14: =SUM(R14:T14) -> 23.975 | V14: =VLOOKUP(B14, 'Input - Vessel List'!$B$2:$M$15, 11,0) -> 11.72093 | W14: =VLOOKUP(B14, 'Input - Vessel List'!$B$2:$M$15, 12,0) -> 0.98455814 | X14: =((R14*L14*V14)+(R14*L14*W14))*-1 -> -51068.44 | Y14: =S14*O14*W14*2*-1 -> -17456.216 | Z14: =T14*O14*W14*-1 -> -581.87386 | AA14: =SUM(X14:Z14) -> -69106.53 | AB14: =2.05*F14*-1*2 -> -123000 | AD14: =VLOOKUP(B14,'Input - Vessel List'!B:C,2,0) -> 12000 | AE14: =AD14*U14*-1 -> -287700 | AF14: =AA14+AB14+AE14+AC14 -> -479806.53 | AG14: =AF14/F14*-1 -> 15.993551
A15: 14 | B15: Handysize | C15: Gresik | D15: Laos | F15: 30000 | G15: 4000 | H15: =200*20 -> 4000 | I15: 1 | J15: 0 | K15: VLSFO | L15: =IF(K15 ="VLSFO", $N$2,$O$2) -> 504 | M15: Singapore | N15: =VLOOKUP(M15, 'Input - Bunker'!$A$2:$C$5,2,0) -> 504 | O15: =VLOOKUP(M15, 'Input - Bunker'!$A$2:$C$5,3,0) -> 591 | P15: ='Input - OD Intl'!F19 -> 0 | Q15: =VLOOKUP(B15, 'Input - Vessel List'!$B$2:$K$11, 7,0) -> 10 | R15: =P15*2/(Q15*24) -> 0 | S15: =(F15/G15)+(F15/H15) -> 15 | T15: =I15+J15 -> 1 | U15: =SUM(R15:T15) -> 16 | V15: =VLOOKUP(B15, 'Input - Vessel List'!$B$2:$M$15, 11,0) -> 11.72093 | W15: =VLOOKUP(B15, 'Input - Vessel List'!$B$2:$M$15, 12,0) -> 0.98455814 | X15: =((R15*L15*V15)+(R15*L15*W15))*-1 -> 0 | Y15: =S15*O15*W15*2*-1 -> -17456.216 | Z15: =T15*O15*W15*-1 -> -581.87386 | AA15: =SUM(X15:Z15) -> -18038.09 | AB15: =2.05*F15*-1*2 -> -123000 | AD15: =VLOOKUP(B15,'Input - Vessel List'!B:C,2,0) -> 12000 | AE15: =AD15*U15*-1 -> -192000 | AF15: =AA15+AB15+AE15+AC15 -> -333038.09 | AG15: =AF15/F15*-1 -> 11.10127
A16: 15 | B16: Handysize | C16: Gresik | D16: WC-India | E16: Mundra | F16: 30000 | G16: 4000 | H16: =200*20 -> 4000 | I16: 1 | J16: 0 | K16: VLSFO | L16: =IF(K16 ="VLSFO", $N$2,$O$2) -> 504 | M16: Singapore | N16: =VLOOKUP(M16, 'Input - Bunker'!$A$2:$C$5,2,0) -> 504 | O16: =VLOOKUP(M16, 'Input - Bunker'!$A$2:$C$5,3,0) -> 591 | P16: ='Input - OD Intl'!F20 -> 3414 | Q16: =VLOOKUP(B16, 'Input - Vessel List'!$B$2:$K$11, 7,0) -> 10 | R16: =P16*2/(Q16*24) -> 28.45 | S16: =(F16/G16)+(F16/H16) -> 15 | T16: =I16+J16 -> 1 | U16: =SUM(R16:T16) -> 44.45 | V16: =VLOOKUP(B16, 'Input - Vessel List'!$B$2:$M$15, 11,0) -> 11.72093 | W16: =VLOOKUP(B16, 'Input - Vessel List'!$B$2:$M$15, 12,0) -> 0.98455814 | X16: =((R16*L16*V16)+(R16*L16*W16))*-1 -> -182181.46 | Y16: =S16*O16*W16*2*-1 -> -17456.216 | Z16: =T16*O16*W16*-1 -> -581.87386 | AA16: =SUM(X16:Z16) -> -200219.55 | AB16: =2.05*F16*-1*2 -> -123000 | AD16: =VLOOKUP(B16,'Input - Vessel List'!B:C,2,0) -> 12000 | AE16: =AD16*U16*-1 -> -533400 | AF16: =AA16+AB16+AE16+AC16 -> -856619.55 | AG16: =AF16/F16*-1 -> 28.553985
A17: 16 | B17: Handysize | C17: Gresik | D17: Morocco | E17: Jorf Lasfar | F17: 30000 | G17: 4000 | H17: =200*20 -> 4000 | I17: 1 | J17: 0 | K17: VLSFO | L17: =IF(K17 ="VLSFO", $N$2,$O$2) -> 504 | M17: Singapore | N17: =VLOOKUP(M17, 'Input - Bunker'!$A$2:$C$5,2,0) -> 504 | O17: =VLOOKUP(M17, 'Input - Bunker'!$A$2:$C$5,3,0) -> 591 | P17: ='Input - OD Intl'!F21 -> 7821 | Q17: =VLOOKUP(B17, 'Input - Vessel List'!$B$2:$K$11, 7,0) -> 10 | R17: =P17*2/(Q17*24) -> 65.175 | S17: =(F17/G17)+(F17/H17) -> 15 | T17: =I17+J17 -> 1 | U17: =SUM(R17:T17) -> 81.175 | V17: =VLOOKUP(B17, 'Input - Vessel List'!$B$2:$M$15, 11,0) -> 11.72093 | W17: =VLOOKUP(B17, 'Input - Vessel List'!$B$2:$M$15, 12,0) -> 0.98455814 | X17: =((R17*L17*V17)+(R17*L17*W17))*-1 -> -417352.42 | Y17: =S17*O17*W17*2*-1 -> -17456.216 | Z17: =T17*O17*W17*-1 -> -581.87386 | AA17: =SUM(X17:Z17) -> -435390.51 | AB17: =2.05*F17*-1*2 -> -123000 | AC17: =(9.65*5000+7.37*5000+5.83*10000+2.13*12241)*-1 -> -169473.33 | AD17: =VLOOKUP(B17,'Input - Vessel List'!B:C,2,0) -> 12000 | AE17: =AD17*U17*-1 -> -974100 | AF17: =AA17+AB17+AE17+AC17 -> -1701963.8 | AG17: =AF17/F17*-1 -> 56.732128
A18: 17 | B18: Handysize | C18: Gresik | D18: Myanmar | E18: Yangon | F18: 30000 | G18: 4000 | H18: =200*20 -> 4000 | I18: 1 | J18: 0 | K18: VLSFO | L18: =IF(K18 ="VLSFO", $N$2,$O$2) -> 504 | M18: Singapore | N18: =VLOOKUP(M18, 'Input - Bunker'!$A$2:$C$5,2,0) -> 504 | O18: =VLOOKUP(M18, 'Input - Bunker'!$A$2:$C$5,3,0) -> 591 | P18: ='Input - OD Intl'!F22 -> 1853 | Q18: =VLOOKUP(B18, 'Input - Vessel List'!$B$2:$K$11, 7,0) -> 10 | R18: =P18*2/(Q18*24) -> 15.441667 | S18: =(F18/G18)+(F18/H18) -> 15 | T18: =I18+J18 -> 1 | U18: =SUM(R18:T18) -> 31.441667 | V18: =VLOOKUP(B18, 'Input - Vessel List'!$B$2:$M$15, 11,0) -> 11.72093 | W18: =VLOOKUP(B18, 'Input - Vessel List'!$B$2:$M$15, 12,0) -> 0.98455814 | X18: =((R18*L18*V18)+(R18*L18*W18))*-1 -> -98881.734 | Y18: =S18*O18*W18*2*-1 -> -17456.216 | Z18: =T18*O18*W18*-1 -> -581.87386 | AA18: =SUM(X18:Z18) -> -116919.82 | AB18: =2.05*F18*-1*2 -> -123000 | AD18: =VLOOKUP(B18,'Input - Vessel List'!B:C,2,0) -> 12000 | AE18: =AD18*U18*-1 -> -377300 | AF18: =AA18+AB18+AE18+AC18 -> -617219.82 | AG18: =AF18/F18*-1 -> 20.573994
A19: 18 | B19: Handysize | C19: Gresik | D19: Afsel | E19: Richard's Bay | F19: 30000 | G19: 4000 | H19: =200*20 -> 4000 | I19: 1 | J19: 0 | K19: VLSFO | L19: =IF(K19 ="VLSFO", $N$2,$O$2) -> 504 | M19: Singapore | N19: =VLOOKUP(M19, 'Input - Bunker'!$A$2:$C$5,2,0) -> 504 | O19: =VLOOKUP(M19, 'Input - Bunker'!$A$2:$C$5,3,0) -> 591 | P19: ='Input - OD Intl'!F23 -> 4815 | Q19: =VLOOKUP(B19, 'Input - Vessel List'!$B$2:$K$11, 7,0) -> 10 | R19: =P19*2/(Q19*24) -> 40.125 | S19: =(F19/G19)+(F19/H19) -> 15 | T19: =I19+J19 -> 1 | U19: =SUM(R19:T19) -> 56.125 | V19: =VLOOKUP(B19, 'Input - Vessel List'!$B$2:$M$15, 11,0) -> 11.72093 | W19: =VLOOKUP(B19, 'Input - Vessel List'!$B$2:$M$15, 12,0) -> 0.98455814 | X19: =((R19*L19*V19)+(R19*L19*W19))*-1 -> -256943.09 | Y19: =S19*O19*W19*2*-1 -> -17456.216 | Z19: =T19*O19*W19*-1 -> -581.87386 | AA19: =SUM(X19:Z19) -> -274981.18 | AB19: =2.05*F19*-1*2 -> -123000 | AD19: =VLOOKUP(B19,'Input - Vessel List'!B:C,2,0) -> 12000 | AE19: =AD19*U19*-1 -> -673500 | AF19: =AA19+AB19+AE19+AC19 -> -1071481.2 | AG19: =AF19/F19*-1 -> 35.716039
A20: 19 | B20: Handysize | C20: Gresik | D20: Mesir | E20: Port Said | F20: 30000 | G20: 4000 | H20: =200*20 -> 4000 | I20: 1 | J20: 0 | K20: VLSFO | L20: =IF(K20 ="VLSFO", $N$2,$O$2) -> 504 | M20: Singapore | N20: =VLOOKUP(M20, 'Input - Bunker'!$A$2:$C$5,2,0) -> 504 | O20: =VLOOKUP(M20, 'Input - Bunker'!$A$2:$C$5,3,0) -> 591 | P20: ='Input - OD Intl'!F24 -> 5665 | Q20: =VLOOKUP(B20, 'Input - Vessel List'!$B$2:$K$11, 7,0) -> 10 | R20: =P20*2/(Q20*24) -> 47.208333 | S20: =(F20/G20)+(F20/H20) -> 15 | T20: =I20+J20 -> 1 | U20: =SUM(R20:T20) -> 63.208333 | V20: =VLOOKUP(B20, 'Input - Vessel List'!$B$2:$M$15, 11,0) -> 11.72093 | W20: =VLOOKUP(B20, 'Input - Vessel List'!$B$2:$M$15, 12,0) -> 0.98455814 | X20: =((R20*L20*V20)+(R20*L20*W20))*-1 -> -302301.68 | Y20: =S20*O20*W20*2*-1 -> -17456.216 | Z20: =T20*O20*W20*-1 -> -581.87386 | AA20: =SUM(X20:Z20) -> -320339.77 | AB20: =2.05*F20*-1*2 -> -123000 | AC20: =(9.65*5000+7.37*5000+5.83*10000+2.13*12241)*-1 -> -169473.33 | AD20: =VLOOKUP(B20,'Input - Vessel List'!B:C,2,0) -> 12000 | AE20: =AD20*U20*-1 -> -758500 | AF20: =AA20+AB20+AE20+AC20 -> -1371313.1 | AG20: =AF20/F20*-1 -> 45.710437
A21: 20 | B21: Handysize | C21: Gresik | D21: Tanzania | E21: Dar es Salaam | F21: 30000 | G21: 4000 | H21: =200*20 -> 4000 | I21: 1 | J21: 0 | K21: VLSFO | L21: =IF(K21 ="VLSFO", $N$2,$O$2) -> 504 | M21: Singapore | N21: =VLOOKUP(M21, 'Input - Bunker'!$A$2:$C$5,2,0) -> 504 | O21: =VLOOKUP(M21, 'Input - Bunker'!$A$2:$C$5,3,0) -> 591 | P21: ='Input - OD Intl'!F25 -> 4413 | Q21: =VLOOKUP(B21, 'Input - Vessel List'!$B$2:$K$11, 7,0) -> 10 | R21: =P21*2/(Q21*24) -> 36.775 | S21: =(F21/G21)+(F21/H21) -> 15 | T21: =I21+J21 -> 1 | U21: =SUM(R21:T21) -> 52.775 | V21: =VLOOKUP(B21, 'Input - Vessel List'!$B$2:$M$15, 11,0) -> 11.72093 | W21: =VLOOKUP(B21, 'Input - Vessel List'!$B$2:$M$15, 12,0) -> 0.98455814 | X21: =((R21*L21*V21)+(R21*L21*W21))*-1 -> -235491.14 | Y21: =S21*O21*W21*2*-1 -> -17456.216 | Z21: =T21*O21*W21*-1 -> -581.87386 | AA21: =SUM(X21:Z21) -> -253529.23 | AB21: =2.05*F21*-1*2 -> -123000 | AD21: =VLOOKUP(B21,'Input - Vessel List'!B:C,2,0) -> 12000 | AE21: =AD21*U21*-1 -> -633300 | AF21: =AA21+AB21+AE21+AC21 -> -1009829.2 | AG21: =AF21/F21*-1 -> 33.660974
A22: 21 | B22: Handysize | C22: Gresik | D22: Ghana | E22: Tema | F22: 30000 | G22: 4000 | H22: =200*20 -> 4000 | I22: 1 | J22: 0 | K22: VLSFO | L22: =IF(K22 ="VLSFO", $N$2,$O$2) -> 504 | M22: Singapore | N22: =VLOOKUP(M22, 'Input - Bunker'!$A$2:$C$5,2,0) -> 504 | O22: =VLOOKUP(M22, 'Input - Bunker'!$A$2:$C$5,3,0) -> 591 | P22: ='Input - OD Intl'!F26 -> 8140 | Q22: =VLOOKUP(B22, 'Input - Vessel List'!$B$2:$K$11, 7,0) -> 10 | R22: =P22*2/(Q22*24) -> 67.833333 | S22: =(F22/G22)+(F22/H22) -> 15 | T22: =I22+J22 -> 1 | U22: =SUM(R22:T22) -> 83.833333 | V22: =VLOOKUP(B22, 'Input - Vessel List'!$B$2:$M$15, 11,0) -> 11.72093 | W22: =VLOOKUP(B22, 'Input - Vessel List'!$B$2:$M$15, 12,0) -> 0.98455814 | X22: =((R22*L22*V22)+(R22*L22*W22))*-1 -> -434375.24 | Y22: =S22*O22*W22*2*-1 -> -17456.216 | Z22: =T22*O22*W22*-1 -> -581.87386 | AA22: =SUM(X22:Z22) -> -452413.33 | AB22: =2.05*F22*-1*2 -> -123000 | AD22: =VLOOKUP(B22,'Input - Vessel List'!B:C,2,0) -> 12000 | AE22: =AD22*U22*-1 -> -1006000 | AF22: =AA22+AB22+AE22+AC22 -> -1581413.3 | AG22: =AF22/F22*-1 -> 52.713778
A23: 22 | B23: Handy SR | C23: Gresik | D23: Jepang | E23: Niihama | F23: 15000 | G23: =200*24 -> 4800 | H23: =200*24 -> 4800 | I23: 1 | J23: 0 | K23: VLSFO | L23: =IF(K23 ="VLSFO", $N$2,$O$2) -> 504 | M23: Singapore | N23: =VLOOKUP(M23, 'Input - Bunker'!$A$2:$C$5,2,0) -> 504 | O23: =VLOOKUP(M23, 'Input - Bunker'!$A$2:$C$5,3,0) -> 591 | P23: ='Input - OD Intl'!F27 -> 2918 | Q23: =VLOOKUP(B23, 'Input - Vessel List'!$B$2:$K$11, 7,0) -> 10 | R23: =P23*2/(Q23*24) -> 24.316667 | S23: =(F23/G23)+(F23/H23) -> 6.25 | T23: =I23+J23 -> 1 | U23: =SUM(R23:T23) -> 31.566667 | V23: =VLOOKUP(B23, 'Input - Vessel List'!$B$2:$M$15, 11,0) -> 11.72093 | W23: =VLOOKUP(B23, 'Input - Vessel List'!$B$2:$M$15, 12,0) -> 1.5237209 | X23: =((R23*L23*V23)+(R23*L23*W23))*-1 -> -162321.15 | Y23: =S23*O23*W23*2*-1 -> -11256.488 | Z23: =T23*O23*W23*-1 -> -900.51907 | AA23: =SUM(X23:Z23) -> -174478.15 | AB23: =2.05*F23*-1*2 -> -61500 | AD23: =VLOOKUP(B23,'Input - Vessel List'!B:C,2,0) -> 25809 | AE23: =AD23*U23*-1 -> -814704.1 | AF23: =AA23+AB23+AE23+AC23 -> -1050682.3 | AG23: =AF23/F23*-1 -> 70.045484
A24: 23 | B24: Handy SR | C24: Gresik | D24: South Korea | E24: Busan | F24: 15000 | G24: =200*24 -> 4800 | H24: =200*24 -> 4800 | I24: 1 | J24: 0 | K24: VLSFO | L24: =IF(K24 ="VLSFO", $N$2,$O$2) -> 504 | M24: Singapore | N24: =VLOOKUP(M24, 'Input - Bunker'!$A$2:$C$5,2,0) -> 504 | O24: =VLOOKUP(M24, 'Input - Bunker'!$A$2:$C$5,3,0) -> 591 | P24: ='Input - OD Intl'!F28 -> 2809 | Q24: =VLOOKUP(B24, 'Input - Vessel List'!$B$2:$K$11, 7,0) -> 10 | R24: =P24*2/(Q24*24) -> 23.408333 | S24: =(F24/G24)+(F24/H24) -> 6.25 | T24: =I24+J24 -> 1 | U24: =SUM(R24:T24) -> 30.658333 | V24: =VLOOKUP(B24, 'Input - Vessel List'!$B$2:$M$15, 11,0) -> 11.72093 | W24: =VLOOKUP(B24, 'Input - Vessel List'!$B$2:$M$15, 12,0) -> 1.5237209 | X24: =((R24*L24*V24)+(R24*L24*W24))*-1 -> -156257.75 | Y24: =S24*O24*W24*2*-1 -> -11256.488 | Z24: =T24*O24*W24*-1 -> -900.51907 | AA24: =SUM(X24:Z24) -> -168414.75 | AB24: =2.05*F24*-1*2 -> -61500 | AD24: =VLOOKUP(B24,'Input - Vessel List'!B:C,2,0) -> 25809 | AE24: =AD24*U24*-1 -> -791260.93 | AF24: =AA24+AB24+AE24+AC24 -> -1021175.7 | AG24: =AF24/F24*-1 -> 68.078379
A25: 24 | B25: Handy SR | C25: Gresik | D25: China | E25: Zhoushan | F25: 15000 | G25: =200*24 -> 4800 | H25: =200*24 -> 4800 | I25: 1 | J25: 0 | K25: VLSFO | L25: =IF(K25 ="VLSFO", $N$2,$O$2) -> 504 | M25: Singapore | N25: =VLOOKUP(M25, 'Input - Bunker'!$A$2:$C$5,2,0) -> 504 | O25: =VLOOKUP(M25, 'Input - Bunker'!$A$2:$C$5,3,0) -> 591 | P25: ='Input - OD Intl'!F29 -> 2415 | Q25: =VLOOKUP(B25, 'Input - Vessel List'!$B$2:$K$11, 7,0) -> 10 | R25: =P25*2/(Q25*24) -> 20.125 | S25: =(F25/G25)+(F25/H25) -> 6.25 | T25: =I25+J25 -> 1 | U25: =SUM(R25:T25) -> 27.375 | V25: =VLOOKUP(B25, 'Input - Vessel List'!$B$2:$M$15, 11,0) -> 11.72093 | W25: =VLOOKUP(B25, 'Input - Vessel List'!$B$2:$M$15, 12,0) -> 1.5237209 | X25: =((R25*L25*V25)+(R25*L25*W25))*-1 -> -134340.5 | Y25: =S25*O25*W25*2*-1 -> -11256.488 | Z25: =T25*O25*W25*-1 -> -900.51907 | AA25: =SUM(X25:Z25) -> -146497.5 | AB25: =2.05*F25*-1*2 -> -61500 | AD25: =VLOOKUP(B25,'Input - Vessel List'!B:C,2,0) -> 25809 | AE25: =AD25*U25*-1 -> -706521.38 | AF25: =AA25+AB25+AE25+AC25 -> -914518.88 | AG25: =AF25/F25*-1 -> 60.967925
A26: 25 | B26: Handy SR | C26: Gresik | D26: Australia | E26: Gladstone | F26: 15000 | G26: =200*24 -> 4800 | H26: =200*24 -> 4800 | I26: 1 | J26: 0 | K26: VLSFO | L26: =IF(K26 ="VLSFO", $N$2,$O$2) -> 504 | M26: Singapore | N26: =VLOOKUP(M26, 'Input - Bunker'!$A$2:$C$5,2,0) -> 504 | O26: =VLOOKUP(M26, 'Input - Bunker'!$A$2:$C$5,3,0) -> 591 | P26: ='Input - OD Intl'!F30 -> 1630 | Q26: =VLOOKUP(B26, 'Input - Vessel List'!$B$2:$K$11, 7,0) -> 10 | R26: =P26*2/(Q26*24) -> 13.583333 | S26: =(F26/G26)+(F26/H26) -> 6.25 | T26: =I26+J26 -> 1 | U26: =SUM(R26:T26) -> 20.833333 | V26: =VLOOKUP(B26, 'Input - Vessel List'!$B$2:$M$15, 11,0) -> 11.72093 | W26: =VLOOKUP(B26, 'Input - Vessel List'!$B$2:$M$15, 12,0) -> 1.5237209 | X26: =((R26*L26*V26)+(R26*L26*W26))*-1 -> -90672.882 | Y26: =S26*O26*W26*2*-1 -> -11256.488 | Z26: =T26*O26*W26*-1 -> -900.51907 | AA26: =SUM(X26:Z26) -> -102829.89 | AB26: =2.05*F26*-1*2 -> -61500 | AD26: =VLOOKUP(B26,'Input - Vessel List'!B:C,2,0) -> 25809 | AE26: =AD26*U26*-1 -> -537687.5 | AF26: =AA26+AB26+AE26+AC26 -> -702017.39 | AG26: =AF26/F26*-1 -> 46.801159
A27: 26 | B27: Handy SR | C27: Gresik | D27: WC-India | E27: Tuticorin | F27: 15000 | G27: =200*24 -> 4800 | H27: =200*24 -> 4800 | I27: 1 | J27: 0 | K27: VLSFO | L27: =IF(K27 ="VLSFO", $N$2,$O$2) -> 504 | M27: Singapore | N27: =VLOOKUP(M27, 'Input - Bunker'!$A$2:$C$5,2,0) -> 504 | O27: =VLOOKUP(M27, 'Input - Bunker'!$A$2:$C$5,3,0) -> 591 | P27: ='Input - OD Intl'!F31 -> 2363 | Q27: =VLOOKUP(B27, 'Input - Vessel List'!$B$2:$K$11, 7,0) -> 10 | R27: =P27*2/(Q27*24) -> 19.691667 | S27: =(F27/G27)+(F27/H27) -> 6.25 | T27: =I27+J27 -> 1 | U27: =SUM(R27:T27) -> 26.941667 | V27: =VLOOKUP(B27, 'Input - Vessel List'!$B$2:$M$15, 11,0) -> 11.72093 | W27: =VLOOKUP(B27, 'Input - Vessel List'!$B$2:$M$15, 12,0) -> 1.5237209 | X27: =((R27*L27*V27)+(R27*L27*W27))*-1 -> -131447.86 | Y27: =S27*O27*W27*2*-1 -> -11256.488 | Z27: =T27*O27*W27*-1 -> -900.51907 | AA27: =SUM(X27:Z27) -> -143604.87 | AB27: =2.05*F27*-1*2 -> -61500 | AD27: =VLOOKUP(B27,'Input - Vessel List'!B:C,2,0) -> 25809 | AE27: =AD27*U27*-1 -> -695337.47 | AF27: =AA27+AB27+AE27+AC27 -> -900442.35 | AG27: =AF27/F27*-1 -> 60.02949
A28: 27 | B28: Handy SR | C28: Gresik | D28: Myanmar | E28: Yangon | F28: 15000 | G28: =200*24 -> 4800 | H28: =200*24 -> 4800 | I28: 1 | J28: 0 | K28: VLSFO | L28: =IF(K28 ="VLSFO", $N$2,$O$2) -> 504 | M28: Singapore | N28: =VLOOKUP(M28, 'Input - Bunker'!$A$2:$C$5,2,0) -> 504 | O28: =VLOOKUP(M28, 'Input - Bunker'!$A$2:$C$5,3,0) -> 591 | P28: ='Input - OD Intl'!F32 -> 1853 | Q28: =VLOOKUP(B28, 'Input - Vessel List'!$B$2:$K$11, 7,0) -> 10 | R28: =P28*2/(Q28*24) -> 15.441667 | S28: =(F28/G28)+(F28/H28) -> 6.25 | T28: =I28+J28 -> 1 | U28: =SUM(R28:T28) -> 22.691667 | V28: =VLOOKUP(B28, 'Input - Vessel List'!$B$2:$M$15, 11,0) -> 11.72093 | W28: =VLOOKUP(B28, 'Input - Vessel List'!$B$2:$M$15, 12,0) -> 1.5237209 | X28: =((R28*L28*V28)+(R28*L28*W28))*-1 -> -103077.82 | Y28: =S28*O28*W28*2*-1 -> -11256.488 | Z28: =T28*O28*W28*-1 -> -900.51907 | AA28: =SUM(X28:Z28) -> -115234.83 | AB28: =2.05*F28*-1*2 -> -61500 | AD28: =VLOOKUP(B28,'Input - Vessel List'!B:C,2,0) -> 25809 | AE28: =AD28*U28*-1 -> -585649.22 | AF28: =AA28+AB28+AE28+AC28 -> -762384.05 | AG28: =AF28/F28*-1 -> 50.825604
A29: 28 | B29: Handy SR | C29: Gresik | D29: Thailand | E29: Bangkok | F29: 15000 | G29: =200*24 -> 4800 | H29: =200*24 -> 4800 | I29: 1 | J29: 0 | K29: VLSFO | L29: =IF(K29 ="VLSFO", $N$2,$O$2) -> 504 | M29: Singapore | N29: =VLOOKUP(M29, 'Input - Bunker'!$A$2:$C$5,2,0) -> 504 | O29: =VLOOKUP(M29, 'Input - Bunker'!$A$2:$C$5,3,0) -> 591 | P29: ='Input - OD Intl'!F33 -> 1479 | Q29: =VLOOKUP(B29, 'Input - Vessel List'!$B$2:$K$11, 7,0) -> 10 | R29: =P29*2/(Q29*24) -> 12.325 | S29: =(F29/G29)+(F29/H29) -> 6.25 | T29: =I29+J29 -> 1 | U29: =SUM(R29:T29) -> 19.575 | V29: =VLOOKUP(B29, 'Input - Vessel List'!$B$2:$M$15, 11,0) -> 11.72093 | W29: =VLOOKUP(B29, 'Input - Vessel List'!$B$2:$M$15, 12,0) -> 1.5237209 | X29: =((R29*L29*V29)+(R29*L29*W29))*-1 -> -82273.124 | Y29: =S29*O29*W29*2*-1 -> -11256.488 | Z29: =T29*O29*W29*-1 -> -900.51907 | AA29: =SUM(X29:Z29) -> -94430.132 | AB29: =2.05*F29*-1*2 -> -61500 | AD29: =VLOOKUP(B29,'Input - Vessel List'!B:C,2,0) -> 25809 | AE29: =AD29*U29*-1 -> -505211.17 | AF29: =AA29+AB29+AE29+AC29 -> -661141.31 | AG29: =AF29/F29*-1 -> 44.076087
A30: 29 | B30: Handy SR | C30: Gresik | D30: Taiwan | E30: Taichung | F30: 15000 | G30: =200*24 -> 4800 | H30: =200*24 -> 4800 | I30: 1 | J30: 0 | K30: VLSFO | L30: =IF(K30 ="VLSFO", $N$2,$O$2) -> 504 | M30: Singapore | N30: =VLOOKUP(M30, 'Input - Bunker'!$A$2:$C$5,2,0) -> 504 | O30: =VLOOKUP(M30, 'Input - Bunker'!$A$2:$C$5,3,0) -> 591 | P30: ='Input - OD Intl'!F34 -> 2059 | Q30: =VLOOKUP(B30, 'Input - Vessel List'!$B$2:$K$11, 7,0) -> 10 | R30: =P30*2/(Q30*24) -> 17.158333 | S30: =(F30/G30)+(F30/H30) -> 6.25 | T30: =I30+J30 -> 1 | U30: =SUM(R30:T30) -> 24.408333 | V30: =VLOOKUP(B30, 'Input - Vessel List'!$B$2:$M$15, 11,0) -> 11.72093 | W30: =VLOOKUP(B30, 'Input - Vessel List'!$B$2:$M$15, 12,0) -> 1.5237209 | X30: =((R30*L30*V30)+(R30*L30*W30))*-1 -> -114537.09 | Y30: =S30*O30*W30*2*-1 -> -11256.488 | Z30: =T30*O30*W30*-1 -> -900.51907 | AA30: =SUM(X30:Z30) -> -126694.1 | AB30: =2.05*F30*-1*2 -> -61500 | AD30: =VLOOKUP(B30,'Input - Vessel List'!B:C,2,0) -> 25809 | AE30: =AD30*U30*-1 -> -629954.68 | AF30: =AA30+AB30+AE30+AC30 -> -818148.78 | AG30: =AF30/F30*-1 -> 54.543252
A31: 30 | B31: Handysize | C31: Cigading | D31: Philippines | E31: Davao | F31: 30000 | G31: 4000 | H31: =200*20 -> 4000 | I31: 1 | J31: 0 | K31: VLSFO | L31: =IF(K31 ="VLSFO", $N$2,$O$2) -> 504 | M31: Singapore | N31: =VLOOKUP(M31, 'Input - Bunker'!$A$2:$C$5,2,0) -> 504 | O31: =VLOOKUP(M31, 'Input - Bunker'!$A$2:$C$5,3,0) -> 591 | P31: ='Input - OD Intl'!G6 -> 1561 | Q31: =VLOOKUP(B31, 'Input - Vessel List'!$B$2:$K$11, 7,0) -> 10 | R31: =P31*2/(Q31*24) -> 13.008333 | S31: =(F31/G31)+(F31/H31) -> 15 | T31: =I31+J31 -> 1 | U31: =SUM(R31:T31) -> 29.008333 | V31: =VLOOKUP(B31, 'Input - Vessel List'!$B$2:$M$15, 11,0) -> 11.72093 | W31: =VLOOKUP(B31, 'Input - Vessel List'!$B$2:$M$15, 12,0) -> 0.98455814 | X31: =((R31*L31*V31)+(R31*L31*W31))*-1 -> -83299.723 | Y31: =S31*O31*W31*2*-1 -> -17456.216 | Z31: =T31*O31*W31*-1 -> -581.87386 | AA31: =SUM(X31:Z31) -> -101337.81 | AB31: =2.05*F31*-1*2 -> -123000 | AD31: =VLOOKUP(B31,'Input - Vessel List'!B:C,2,0) -> 12000 | AE31: =AD31*U31*-1 -> -348100 | AF31: =AA31+AB31+AE31+AC31 -> -572437.81 | AG31: =AF31/F31*-1 -> 19.08126
A32: 31 | B32: Handysize | C32: Cigading | D32: Thailand | E32: Bangkok | F32: 30000 | G32: 4000 | H32: =200*20 -> 4000 | I32: 1 | J32: 0 | K32: VLSFO | L32: =IF(K32 ="VLSFO", $N$2,$O$2) -> 504 | M32: Singapore | N32: =VLOOKUP(M32, 'Input - Bunker'!$A$2:$C$5,2,0) -> 504 | O32: =VLOOKUP(M32, 'Input - Bunker'!$A$2:$C$5,3,0) -> 591 | P32: ='Input - OD Intl'!G7 -> 1303 | Q32: =VLOOKUP(B32, 'Input - Vessel List'!$B$2:$K$11, 7,0) -> 10 | R32: =P32*2/(Q32*24) -> 10.858333 | S32: =(F32/G32)+(F32/H32) -> 15 | T32: =I32+J32 -> 1 | U32: =SUM(R32:T32) -> 26.858333 | V32: =VLOOKUP(B32, 'Input - Vessel List'!$B$2:$M$15, 11,0) -> 11.72093 | W32: =VLOOKUP(B32, 'Input - Vessel List'!$B$2:$M$15, 12,0) -> 0.98455814 | X32: =((R32*L32*V32)+(R32*L32*W32))*-1 -> -69532.056 | Y32: =S32*O32*W32*2*-1 -> -17456.216 | Z32: =T32*O32*W32*-1 -> -581.87386 | AA32: =SUM(X32:Z32) -> -87570.145 | AB32: =2.05*F32*-1*2 -> -123000 | AD32: =VLOOKUP(B32,'Input - Vessel List'!B:C,2,0) -> 12000 | AE32: =AD32*U32*-1 -> -322300 | AF32: =AA32+AB32+AE32+AC32 -> -532870.15 | AG32: =AF32/F32*-1 -> 17.762338
A33: 32 | B33: Handysize | C33: Cigading | D33: Vietnam | E33: Hai Phong | F33: 30000 | G33: 4000 | H33: =200*20 -> 4000 | I33: 1 | J33: 0 | K33: VLSFO | L33: =IF(K33 ="VLSFO", $N$2,$O$2) -> 504 | M33: Singapore | N33: =VLOOKUP(M33, 'Input - Bunker'!$A$2:$C$5,2,0) -> 504 | O33: =VLOOKUP(M33, 'Input - Bunker'!$A$2:$C$5,3,0) -> 591 | P33: ='Input - OD Intl'!G8 -> 1684 | Q33: =VLOOKUP(B33, 'Input - Vessel List'!$B$2:$K$11, 7,0) -> 10 | R33: =P33*2/(Q33*24) -> 14.033333 | S33: =(F33/G33)+(F33/H33) -> 15 | T33: =I33+J33 -> 1 | U33: =SUM(R33:T33) -> 30.033333 | V33: =VLOOKUP(B33, 'Input - Vessel List'!$B$2:$M$15, 11,0) -> 11.72093 | W33: =VLOOKUP(B33, 'Input - Vessel List'!$B$2:$M$15, 12,0) -> 0.98455814 | X33: =((R33*L33*V33)+(R33*L33*W33))*-1 -> -89863.378 | Y33: =S33*O33*W33*2*-1 -> -17456.216 | Z33: =T33*O33*W33*-1 -> -581.87386 | AA33: =SUM(X33:Z33) -> -107901.47 | AB33: =2.05*F33*-1*2 -> -123000 | AD33: =VLOOKUP(B33,'Input - Vessel List'!B:C,2,0) -> 12000 | AE33: =AD33*U33*-1 -> -360400 | AF33: =AA33+AB33+AE33+AC33 -> -591301.47 | AG33: =AF33/F33*-1 -> 19.710049
A34: 33 | B34: Handysize | C34: Cigading | D34: Jepang | E34: Nagoya | F34: 30000 | G34: 4000 | H34: =200*20 -> 4000 | I34: 1 | J34: 0 | K34: VLSFO | L34: =IF(K34 ="VLSFO", $N$2,$O$2) -> 504 | M34: Singapore | N34: =VLOOKUP(M34, 'Input - Bunker'!$A$2:$C$5,2,0) -> 504 | O34: =VLOOKUP(M34, 'Input - Bunker'!$A$2:$C$5,3,0) -> 591 | P34: ='Input - OD Intl'!G9 -> 3084 | Q34: =VLOOKUP(B34, 'Input - Vessel List'!$B$2:$K$11, 7,0) -> 10 | R34: =P34*2/(Q34*24) -> 25.7 | S34: =(F34/G34)+(F34/H34) -> 15 | T34: =I34+J34 -> 1 | U34: =SUM(R34:T34) -> 41.7 | V34: =VLOOKUP(B34, 'Input - Vessel List'!$B$2:$M$15, 11,0) -> 11.72093 | W34: =VLOOKUP(B34, 'Input - Vessel List'!$B$2:$M$15, 12,0) -> 0.98455814 | X34: =((R34*L34*V34)+(R34*L34*W34))*-1 -> -164571.65 | Y34: =S34*O34*W34*2*-1 -> -17456.216 | Z34: =T34*O34*W34*-1 -> -581.87386 | AA34: =SUM(X34:Z34) -> -182609.74 | AB34: =2.05*F34*-1*2 -> -123000 | AD34: =VLOOKUP(B34,'Input - Vessel List'!B:C,2,0) -> 12000 | AE34: =AD34*U34*-1 -> -500400 | AF34: =AA34+AB34+AE34+AC34 -> -806009.74 | AG34: =AF34/F34*-1 -> 26.866991
A35: 34 | B35: Handysize | C35: Cigading | D35: Taiwan | E35: Taichung | F35: 30000 | G35: 4000 | H35: =200*20 -> 4000 | I35: 1 | J35: 0 | K35: VLSFO | L35: =IF(K35 ="VLSFO", $N$2,$O$2) -> 504 | M35: Singapore | N35: =VLOOKUP(M35, 'Input - Bunker'!$A$2:$C$5,2,0) -> 504 | O35: =VLOOKUP(M35, 'Input - Bunker'!$A$2:$C$5,3,0) -> 591 | P35: ='Input - OD Intl'!G10 -> 2061 | Q35: =VLOOKUP(B35, 'Input - Vessel List'!$B$2:$K$11, 7,0) -> 10 | R35: =P35*2/(Q35*24) -> 17.175 | S35: =(F35/G35)+(F35/H35) -> 15 | T35: =I35+J35 -> 1 | U35: =SUM(R35:T35) -> 33.175 | V35: =VLOOKUP(B35, 'Input - Vessel List'!$B$2:$M$15, 11,0) -> 11.72093 | W35: =VLOOKUP(B35, 'Input - Vessel List'!$B$2:$M$15, 12,0) -> 0.98455814 | X35: =((R35*L35*V35)+(R35*L35*W35))*-1 -> -109981.25 | Y35: =S35*O35*W35*2*-1 -> -17456.216 | Z35: =T35*O35*W35*-1 -> -581.87386 | AA35: =SUM(X35:Z35) -> -128019.34 | AB35: =2.05*F35*-1*2 -> -123000 | AD35: =VLOOKUP(B35,'Input - Vessel List'!B:C,2,0) -> 12000 | AE35: =AD35*U35*-1 -> -398100 | AF35: =AA35+AB35+AE35+AC35 -> -649119.34 | AG35: =AF35/F35*-1 -> 21.637311
A36: 35 | B36: Handysize | C36: Cigading | D36: WC-India | E36: Mundra | F36: 30000 | G36: 4000 | H36: =200*20 -> 4000 | I36: 1 | J36: 0 | K36: VLSFO | L36: =IF(K36 ="VLSFO", $N$2,$O$2) -> 504 | M36: Singapore | N36: =VLOOKUP(M36, 'Input - Bunker'!$A$2:$C$5,2,0) -> 504 | O36: =VLOOKUP(M36, 'Input - Bunker'!$A$2:$C$5,3,0) -> 591 | P36: ='Input - OD Intl'!G11 -> 2983 | Q36: =VLOOKUP(B36, 'Input - Vessel List'!$B$2:$K$11, 7,0) -> 10 | R36: =P36*2/(Q36*24) -> 24.858333 | S36: =(F36/G36)+(F36/H36) -> 15 | T36: =I36+J36 -> 1 | U36: =SUM(R36:T36) -> 40.858333 | V36: =VLOOKUP(B36, 'Input - Vessel List'!$B$2:$M$15, 11,0) -> 11.72093 | W36: =VLOOKUP(B36, 'Input - Vessel List'!$B$2:$M$15, 12,0) -> 0.98455814 | X36: =((R36*L36*V36)+(R36*L36*W36))*-1 -> -159181.98 | Y36: =S36*O36*W36*2*-1 -> -17456.216 | Z36: =T36*O36*W36*-1 -> -581.87386 | AA36: =SUM(X36:Z36) -> -177220.07 | AB36: =2.05*F36*-1*2 -> -123000 | AD36: =VLOOKUP(B36,'Input - Vessel List'!B:C,2,0) -> 12000 | AE36: =AD36*U36*-1 -> -490300 | AF36: =AA36+AB36+AE36+AC36 -> -790520.07 | AG36: =AF36/F36*-1 -> 26.350669
A37: 36 | B37: Handysize | C37: Cigading | D37: Australia | E37: Geelong | F37: 30000 | G37: 4000 | H37: =200*20 -> 4000 | I37: 1 | J37: 0 | K37: VLSFO | L37: =IF(K37 ="VLSFO", $N$2,$O$2) -> 504 | M37: Singapore | N37: =VLOOKUP(M37, 'Input - Bunker'!$A$2:$C$5,2,0) -> 504 | O37: =VLOOKUP(M37, 'Input - Bunker'!$A$2:$C$5,3,0) -> 591 | P37: ='Input - OD Intl'!G12 -> 3329 | Q37: =VLOOKUP(B37, 'Input - Vessel List'!$B$2:$K$11, 7,0) -> 10 | R37: =P37*2/(Q37*24) -> 27.741667 | S37: =(F37/G37)+(F37/H37) -> 15 | T37: =I37+J37 -> 1 | U37: =SUM(R37:T37) -> 43.741667 | V37: =VLOOKUP(B37, 'Input - Vessel List'!$B$2:$M$15, 11,0) -> 11.72093 | W37: =VLOOKUP(B37, 'Input - Vessel List'!$B$2:$M$15, 12,0) -> 0.98455814 | X37: =((R37*L37*V37)+(R37*L37*W37))*-1 -> -177645.6 | Y37: =S37*O37*W37*2*-1 -> -17456.216 | Z37: =T37*O37*W37*-1 -> -581.87386 | AA37: =SUM(X37:Z37) -> -195683.69 | AB37: =2.05*F37*-1*2 -> -123000 | AD37: =VLOOKUP(B37,'Input - Vessel List'!B:C,2,0) -> 12000 | AE37: =AD37*U37*-1 -> -524900 | AF37: =AA37+AB37+AE37+AC37 -> -843583.69 | AG37: =AF37/F37*-1 -> 28.119456
A38: 37 | B38: Handysize | C38: Cigading | D38: North Afrika | E38: Jorf Lasfar | F38: 30000 | G38: 4000 | H38: =200*20 -> 4000 | I38: 1 | J38: 0 | K38: VLSFO | L38: =IF(K38 ="VLSFO", $N$2,$O$2) -> 504 | M38: Singapore | N38: =VLOOKUP(M38, 'Input - Bunker'!$A$2:$C$5,2,0) -> 504 | O38: =VLOOKUP(M38, 'Input - Bunker'!$A$2:$C$5,3,0) -> 591 | P38: ='Input - OD Intl'!G13 -> 7390 | Q38: =VLOOKUP(B38, 'Input - Vessel List'!$B$2:$K$11, 7,0) -> 10 | R38: =P38*2/(Q38*24) -> 61.583333 | S38: =(F38/G38)+(F38/H38) -> 15 | T38: =I38+J38 -> 1 | U38: =SUM(R38:T38) -> 77.583333 | V38: =VLOOKUP(B38, 'Input - Vessel List'!$B$2:$M$15, 11,0) -> 11.72093 | W38: =VLOOKUP(B38, 'Input - Vessel List'!$B$2:$M$15, 12,0) -> 0.98455814 | X38: =((R38*L38*V38)+(R38*L38*W38))*-1 -> -394352.95 | Y38: =S38*O38*W38*2*-1 -> -17456.216 | Z38: =T38*O38*W38*-1 -> -581.87386 | AA38: =SUM(X38:Z38) -> -412391.04 | AB38: =2.05*F38*-1*2 -> -123000 | AD38: =VLOOKUP(B38,'Input - Vessel List'!B:C,2,0) -> 12000 | AE38: =AD38*U38*-1 -> -931000 | AF38: =AA38+AB38+AE38+AC38 -> -1466391 | AG38: =AF38/F38*-1 -> 48.879701
A39: 38 | B39: Handysize | C39: Cigading | D39: Brazil | E39: Santos | F39: 30000 | G39: 4000 | H39: =200*20 -> 4000 | I39: 1 | J39: 0 | K39: VLSFO | L39: =IF(K39 ="VLSFO", $N$2,$O$2) -> 504 | M39: Singapore | N39: =VLOOKUP(M39, 'Input - Bunker'!$A$2:$C$5,2,0) -> 504 | O39: =VLOOKUP(M39, 'Input - Bunker'!$A$2:$C$5,3,0) -> 591 | P39: ='Input - OD Intl'!G14 -> 8394 | Q39: =VLOOKUP(B39, 'Input - Vessel List'!$B$2:$K$11, 7,0) -> 10 | R39: =P39*2/(Q39*24) -> 69.95 | S39: =(F39/G39)+(F39/H39) -> 15 | T39: =I39+J39 -> 1 | U39: =SUM(R39:T39) -> 85.95 | V39: =VLOOKUP(B39, 'Input - Vessel List'!$B$2:$M$15, 11,0) -> 11.72093 | W39: =VLOOKUP(B39, 'Input - Vessel List'!$B$2:$M$15, 12,0) -> 0.98455814 | X39: =((R39*L39*V39)+(R39*L39*W39))*-1 -> -447929.45 | Y39: =S39*O39*W39*2*-1 -> -17456.216 | Z39: =T39*O39*W39*-1 -> -581.87386 | AA39: =SUM(X39:Z39) -> -465967.54 | AB39: =2.05*F39*-1*2 -> -123000 | AD39: =VLOOKUP(B39,'Input - Vessel List'!B:C,2,0) -> 12000 | AE39: =AD39*U39*-1 -> -1031400 | AF39: =AA39+AB39+AE39+AC39 -> -1620367.5 | AG39: =AF39/F39*-1 -> 54.012251
A40: 39 | B40: Handysize | C40: Cigading | D40: Philippine | E40: Davao | F40: 30000 | G40: 4000 | H40: =200*20 -> 4000 | I40: 1 | J40: 0 | K40: VLSFO | L40: =IF(K40 ="VLSFO", $N$2,$O$2) -> 504 | M40: Singapore | N40: =VLOOKUP(M40, 'Input - Bunker'!$A$2:$C$5,2,0) -> 504 | O40: =VLOOKUP(M40, 'Input - Bunker'!$A$2:$C$5,3,0) -> 591 | P40: ='Input - OD Intl'!G15 -> 1561 | Q40: =VLOOKUP(B40, 'Input - Vessel List'!$B$2:$K$11, 7,0) -> 10 | R40: =P40*2/(Q40*24) -> 13.008333 | S40: =(F40/G40)+(F40/H40) -> 15 | T40: =I40+J40 -> 1 | U40: =SUM(R40:T40) -> 29.008333 | V40: =VLOOKUP(B40, 'Input - Vessel List'!$B$2:$M$15, 11,0) -> 11.72093 | W40: =VLOOKUP(B40, 'Input - Vessel List'!$B$2:$M$15, 12,0) -> 0.98455814 | X40: =((R40*L40*V40)+(R40*L40*W40))*-1 -> -83299.723 | Y40: =S40*O40*W40*2*-1 -> -17456.216 | Z40: =T40*O40*W40*-1 -> -581.87386 | AA40: =SUM(X40:Z40) -> -101337.81 | AB40: =2.05*F40*-1*2 -> -123000 | AD40: =VLOOKUP(B40,'Input - Vessel List'!B:C,2,0) -> 12000 | AE40: =AD40*U40*-1 -> -348100 | AF40: =AA40+AB40+AE40+AC40 -> -572437.81 | AG40: =AF40/F40*-1 -> 19.08126
A41: 40 | B41: Handysize | C41: Cigading | D41: Thailand | E41: Bangkok | F41: 30000 | G41: 4000 | H41: =200*20 -> 4000 | I41: 1 | J41: 0 | K41: VLSFO | L41: =IF(K41 ="VLSFO", $N$2,$O$2) -> 504 | M41: Singapore | N41: =VLOOKUP(M41, 'Input - Bunker'!$A$2:$C$5,2,0) -> 504 | O41: =VLOOKUP(M41, 'Input - Bunker'!$A$2:$C$5,3,0) -> 591 | P41: ='Input - OD Intl'!G16 -> 1303 | Q41: =VLOOKUP(B41, 'Input - Vessel List'!$B$2:$K$11, 7,0) -> 10 | R41: =P41*2/(Q41*24) -> 10.858333 | S41: =(F41/G41)+(F41/H41) -> 15 | T41: =I41+J41 -> 1 | U41: =SUM(R41:T41) -> 26.858333 | V41: =VLOOKUP(B41, 'Input - Vessel List'!$B$2:$M$15, 11,0) -> 11.72093 | W41: =VLOOKUP(B41, 'Input - Vessel List'!$B$2:$M$15, 12,0) -> 0.98455814 | X41: =((R41*L41*V41)+(R41*L41*W41))*-1 -> -69532.056 | Y41: =S41*O41*W41*2*-1 -> -17456.216 | Z41: =T41*O41*W41*-1 -> -581.87386 | AA41: =SUM(X41:Z41) -> -87570.145 | AB41: =2.05*F41*-1*2 -> -123000 | AD41: =VLOOKUP(B41,'Input - Vessel List'!B:C,2,0) -> 12000 | AE41: =AD41*U41*-1 -> -322300 | AF41: =AA41+AB41+AE41+AC41 -> -532870.15 | AG41: =AF41/F41*-1 -> 17.762338
A42: 41 | B42: Handysize | C42: Cigading | D42: Vietnam | E42: Hai Phong | F42: 30000 | G42: 4000 | H42: =200*20 -> 4000 | I42: 1 | J42: 0 | K42: VLSFO | L42: =IF(K42 ="VLSFO", $N$2,$O$2) -> 504 | M42: Singapore | N42: =VLOOKUP(M42, 'Input - Bunker'!$A$2:$C$5,2,0) -> 504 | O42: =VLOOKUP(M42, 'Input - Bunker'!$A$2:$C$5,3,0) -> 591 | P42: ='Input - OD Intl'!G17 -> 1684 | Q42: =VLOOKUP(B42, 'Input - Vessel List'!$B$2:$K$11, 7,0) -> 10 | R42: =P42*2/(Q42*24) -> 14.033333 | S42: =(F42/G42)+(F42/H42) -> 15 | T42: =I42+J42 -> 1 | U42: =SUM(R42:T42) -> 30.033333 | V42: =VLOOKUP(B42, 'Input - Vessel List'!$B$2:$M$15, 11,0) -> 11.72093 | W42: =VLOOKUP(B42, 'Input - Vessel List'!$B$2:$M$15, 12,0) -> 0.98455814 | X42: =((R42*L42*V42)+(R42*L42*W42))*-1 -> -89863.378 | Y42: =S42*O42*W42*2*-1 -> -17456.216 | Z42: =T42*O42*W42*-1 -> -581.87386 | AA42: =SUM(X42:Z42) -> -107901.47 | AB42: =2.05*F42*-1*2 -> -123000 | AD42: =VLOOKUP(B42,'Input - Vessel List'!B:C,2,0) -> 12000 | AE42: =AD42*U42*-1 -> -360400 | AF42: =AA42+AB42+AE42+AC42 -> -591301.47 | AG42: =AF42/F42*-1 -> 19.710049
A43: 42 | B43: Handysize | C43: Cigading | D43: Malaysia | E43: Port Klang | F43: 30000 | G43: 4000 | H43: =200*20 -> 4000 | I43: 1 | J43: 0 | K43: VLSFO | L43: =IF(K43 ="VLSFO", $N$2,$O$2) -> 504 | M43: Singapore | N43: =VLOOKUP(M43, 'Input - Bunker'!$A$2:$C$5,2,0) -> 504 | O43: =VLOOKUP(M43, 'Input - Bunker'!$A$2:$C$5,3,0) -> 591 | P43: ='Input - OD Intl'!G18 -> 746 | Q43: =VLOOKUP(B43, 'Input - Vessel List'!$B$2:$K$11, 7,0) -> 10 | R43: =P43*2/(Q43*24) -> 6.2166667 | S43: =(F43/G43)+(F43/H43) -> 15 | T43: =I43+J43 -> 1 | U43: =SUM(R43:T43) -> 22.216667 | V43: =VLOOKUP(B43, 'Input - Vessel List'!$B$2:$M$15, 11,0) -> 11.72093 | W43: =VLOOKUP(B43, 'Input - Vessel List'!$B$2:$M$15, 12,0) -> 0.98455814 | X43: =((R43*L43*V43)+(R43*L43*W43))*-1 -> -39808.836 | Y43: =S43*O43*W43*2*-1 -> -17456.216 | Z43: =T43*O43*W43*-1 -> -581.87386 | AA43: =SUM(X43:Z43) -> -57846.926 | AB43: =2.05*F43*-1*2 -> -123000 | AD43: =VLOOKUP(B43,'Input - Vessel List'!B:C,2,0) -> 12000 | AE43: =AD43*U43*-1 -> -266600 | AF43: =AA43+AB43+AE43+AC43 -> -447446.93 | AG43: =AF43/F43*-1 -> 14.914898
A44: 43 | B44: Handysize | C44: Cigading | D44: Laos | F44: 30000 | G44: 4000 | H44: =200*20 -> 4000 | I44: 1 | J44: 0 | K44: VLSFO | L44: =IF(K44 ="VLSFO", $N$2,$O$2) -> 504 | M44: Singapore | N44: =VLOOKUP(M44, 'Input - Bunker'!$A$2:$C$5,2,0) -> 504 | O44: =VLOOKUP(M44, 'Input - Bunker'!$A$2:$C$5,3,0) -> 591 | P44: ='Input - OD Intl'!G19 -> 0 | Q44: =VLOOKUP(B44, 'Input - Vessel List'!$B$2:$K$11, 7,0) -> 10 | R44: =P44*2/(Q44*24) -> 0 | S44: =(F44/G44)+(F44/H44) -> 15 | T44: =I44+J44 -> 1 | U44: =SUM(R44:T44) -> 16 | V44: =VLOOKUP(B44, 'Input - Vessel List'!$B$2:$M$15, 11,0) -> 11.72093 | W44: =VLOOKUP(B44, 'Input - Vessel List'!$B$2:$M$15, 12,0) -> 0.98455814 | X44: =((R44*L44*V44)+(R44*L44*W44))*-1 -> 0 | Y44: =S44*O44*W44*2*-1 -> -17456.216 | Z44: =T44*O44*W44*-1 -> -581.87386 | AA44: =SUM(X44:Z44) -> -18038.09 | AB44: =2.05*F44*-1*2 -> -123000 | AD44: =VLOOKUP(B44,'Input - Vessel List'!B:C,2,0) -> 12000 | AE44: =AD44*U44*-1 -> -192000 | AF44: =AA44+AB44+AE44+AC44 -> -333038.09 | AG44: =AF44/F44*-1 -> 11.10127
A45: 44 | B45: Handysize | C45: Cigading | D45: WC-India | E45: Mundra | F45: 30000 | G45: 4000 | H45: =200*20 -> 4000 | I45: 1 | J45: 0 | K45: VLSFO | L45: =IF(K45 ="VLSFO", $N$2,$O$2) -> 504 | M45: Singapore | N45: =VLOOKUP(M45, 'Input - Bunker'!$A$2:$C$5,2,0) -> 504 | O45: =VLOOKUP(M45, 'Input - Bunker'!$A$2:$C$5,3,0) -> 591 | P45: ='Input - OD Intl'!G20 -> 2983 | Q45: =VLOOKUP(B45, 'Input - Vessel List'!$B$2:$K$11, 7,0) -> 10 | R45: =P45*2/(Q45*24) -> 24.858333 | S45: =(F45/G45)+(F45/H45) -> 15 | T45: =I45+J45 -> 1 | U45: =SUM(R45:T45) -> 40.858333 | V45: =VLOOKUP(B45, 'Input - Vessel List'!$B$2:$M$15, 11,0) -> 11.72093 | W45: =VLOOKUP(B45, 'Input - Vessel List'!$B$2:$M$15, 12,0) -> 0.98455814 | X45: =((R45*L45*V45)+(R45*L45*W45))*-1 -> -159181.98 | Y45: =S45*O45*W45*2*-1 -> -17456.216 | Z45: =T45*O45*W45*-1 -> -581.87386 | AA45: =SUM(X45:Z45) -> -177220.07 | AB45: =2.05*F45*-1*2 -> -123000 | AD45: =VLOOKUP(B45,'Input - Vessel List'!B:C,2,0) -> 12000 | AE45: =AD45*U45*-1 -> -490300 | AF45: =AA45+AB45+AE45+AC45 -> -790520.07 | AG45: =AF45/F45*-1 -> 26.350669
A46: 45 | B46: Handysize | C46: Cigading | D46: Morocco | E46: Jorf Lasfar | F46: 30000 | G46: 4000 | H46: =200*20 -> 4000 | I46: 1 | J46: 0 | K46: VLSFO | L46: =IF(K46 ="VLSFO", $N$2,$O$2) -> 504 | M46: Singapore | N46: =VLOOKUP(M46, 'Input - Bunker'!$A$2:$C$5,2,0) -> 504 | O46: =VLOOKUP(M46, 'Input - Bunker'!$A$2:$C$5,3,0) -> 591 | P46: ='Input - OD Intl'!G21 -> 7390 | Q46: =VLOOKUP(B46, 'Input - Vessel List'!$B$2:$K$11, 7,0) -> 10 | R46: =P46*2/(Q46*24) -> 61.583333 | S46: =(F46/G46)+(F46/H46) -> 15 | T46: =I46+J46 -> 1 | U46: =SUM(R46:T46) -> 77.583333 | V46: =VLOOKUP(B46, 'Input - Vessel List'!$B$2:$M$15, 11,0) -> 11.72093 | W46: =VLOOKUP(B46, 'Input - Vessel List'!$B$2:$M$15, 12,0) -> 0.98455814 | X46: =((R46*L46*V46)+(R46*L46*W46))*-1 -> -394352.95 | Y46: =S46*O46*W46*2*-1 -> -17456.216 | Z46: =T46*O46*W46*-1 -> -581.87386 | AA46: =SUM(X46:Z46) -> -412391.04 | AB46: =2.05*F46*-1*2 -> -123000 | AC46: =(9.65*5000+7.37*5000+5.83*10000+2.13*12241)*-1 -> -169473.33 | AD46: =VLOOKUP(B46,'Input - Vessel List'!B:C,2,0) -> 12000 | AE46: =AD46*U46*-1 -> -931000 | AF46: =AA46+AB46+AE46+AC46 -> -1635864.4 | AG46: =AF46/F46*-1 -> 54.528812
A47: 46 | B47: Handysize | C47: Cigading | D47: Myanmar | E47: Yangon | F47: 30000 | G47: 4000 | H47: =200*20 -> 4000 | I47: 1 | J47: 0 | K47: VLSFO | L47: =IF(K47 ="VLSFO", $N$2,$O$2) -> 504 | M47: Singapore | N47: =VLOOKUP(M47, 'Input - Bunker'!$A$2:$C$5,2,0) -> 504 | O47: =VLOOKUP(M47, 'Input - Bunker'!$A$2:$C$5,3,0) -> 591 | P47: ='Input - OD Intl'!G22 -> 1641 | Q47: =VLOOKUP(B47, 'Input - Vessel List'!$B$2:$K$11, 7,0) -> 10 | R47: =P47*2/(Q47*24) -> 13.675 | S47: =(F47/G47)+(F47/H47) -> 15 | T47: =I47+J47 -> 1 | U47: =SUM(R47:T47) -> 29.675 | V47: =VLOOKUP(B47, 'Input - Vessel List'!$B$2:$M$15, 11,0) -> 11.72093 | W47: =VLOOKUP(B47, 'Input - Vessel List'!$B$2:$M$15, 12,0) -> 0.98455814 | X47: =((R47*L47*V47)+(R47*L47*W47))*-1 -> -87568.767 | Y47: =S47*O47*W47*2*-1 -> -17456.216 | Z47: =T47*O47*W47*-1 -> -581.87386 | AA47: =SUM(X47:Z47) -> -105606.86 | AB47: =2.05*F47*-1*2 -> -123000 | AD47: =VLOOKUP(B47,'Input - Vessel List'!B:C,2,0) -> 12000 | AE47: =AD47*U47*-1 -> -356100 | AF47: =AA47+AB47+AE47+AC47 -> -584706.86 | AG47: =AF47/F47*-1 -> 19.490229
A48: 47 | B48: Handysize | C48: Cigading | D48: Afsel | E48: Richard's Bay | F48: 30000 | G48: 4000 | H48: =200*20 -> 4000 | I48: 1 | J48: 0 | K48: VLSFO | L48: =IF(K48 ="VLSFO", $N$2,$O$2) -> 504 | M48: Singapore | N48: =VLOOKUP(M48, 'Input - Bunker'!$A$2:$C$5,2,0) -> 504 | O48: =VLOOKUP(M48, 'Input - Bunker'!$A$2:$C$5,3,0) -> 591 | P48: ='Input - OD Intl'!G23 -> 4384 | Q48: =VLOOKUP(B48, 'Input - Vessel List'!$B$2:$K$11, 7,0) -> 10 | R48: =P48*2/(Q48*24) -> 36.533333 | S48: =(F48/G48)+(F48/H48) -> 15 | T48: =I48+J48 -> 1 | U48: =SUM(R48:T48) -> 52.533333 | V48: =VLOOKUP(B48, 'Input - Vessel List'!$B$2:$M$15, 11,0) -> 11.72093 | W48: =VLOOKUP(B48, 'Input - Vessel List'!$B$2:$M$15, 12,0) -> 0.98455814 | X48: =((R48*L48*V48)+(R48*L48*W48))*-1 -> -233943.62 | Y48: =S48*O48*W48*2*-1 -> -17456.216 | Z48: =T48*O48*W48*-1 -> -581.87386 | AA48: =SUM(X48:Z48) -> -251981.71 | AB48: =2.05*F48*-1*2 -> -123000 | AD48: =VLOOKUP(B48,'Input - Vessel List'!B:C,2,0) -> 12000 | AE48: =AD48*U48*-1 -> -630400 | AF48: =AA48+AB48+AE48+AC48 -> -1005381.7 | AG48: =AF48/F48*-1 -> 33.512724
A49: 48 | B49: Handysize | C49: Cigading | D49: Mesir | E49: Port Said | F49: 30000 | G49: 4000 | H49: =200*20 -> 4000 | I49: 1 | J49: 0 | K49: VLSFO | L49: =IF(K49 ="VLSFO", $N$2,$O$2) -> 504 | M49: Singapore | N49: =VLOOKUP(M49, 'Input - Bunker'!$A$2:$C$5,2,0) -> 504 | O49: =VLOOKUP(M49, 'Input - Bunker'!$A$2:$C$5,3,0) -> 591 | P49: ='Input - OD Intl'!G24 -> 5234 | Q49: =VLOOKUP(B49, 'Input - Vessel List'!$B$2:$K$11, 7,0) -> 10 | R49: =P49*2/(Q49*24) -> 43.616667 | S49: =(F49/G49)+(F49/H49) -> 15 | T49: =I49+J49 -> 1 | U49: =SUM(R49:T49) -> 59.616667 | V49: =VLOOKUP(B49, 'Input - Vessel List'!$B$2:$M$15, 11,0) -> 11.72093 | W49: =VLOOKUP(B49, 'Input - Vessel List'!$B$2:$M$15, 12,0) -> 0.98455814 | X49: =((R49*L49*V49)+(R49*L49*W49))*-1 -> -279302.21 | Y49: =S49*O49*W49*2*-1 -> -17456.216 | Z49: =T49*O49*W49*-1 -> -581.87386 | AA49: =SUM(X49:Z49) -> -297340.3 | AB49: =2.05*F49*-1*2 -> -123000 | AC49: =(9.65*5000+7.37*5000+5.83*10000+2.13*12241)*-1 -> -169473.33 | AD49: =VLOOKUP(B49,'Input - Vessel List'!B:C,2,0) -> 12000 | AE49: =AD49*U49*-1 -> -715400 | AF49: =AA49+AB49+AE49+AC49 -> -1305213.6 | AG49: =AF49/F49*-1 -> 43.507121
A50: 49 | B50: Handysize | C50: Cigading | D50: Tanzania | E50: Dar es Salaam | F50: 30000 | G50: 4000 | H50: =200*20 -> 4000 | I50: 1 | J50: 0 | K50: VLSFO | L50: =IF(K50 ="VLSFO", $N$2,$O$2) -> 504 | M50: Singapore | N50: =VLOOKUP(M50, 'Input - Bunker'!$A$2:$C$5,2,0) -> 504 | O50: =VLOOKUP(M50, 'Input - Bunker'!$A$2:$C$5,3,0) -> 591 | P50: ='Input - OD Intl'!G25 -> 3982 | Q50: =VLOOKUP(B50, 'Input - Vessel List'!$B$2:$K$11, 7,0) -> 10 | R50: =P50*2/(Q50*24) -> 33.183333 | S50: =(F50/G50)+(F50/H50) -> 15 | T50: =I50+J50 -> 1 | U50: =SUM(R50:T50) -> 49.183333 | V50: =VLOOKUP(B50, 'Input - Vessel List'!$B$2:$M$15, 11,0) -> 11.72093 | W50: =VLOOKUP(B50, 'Input - Vessel List'!$B$2:$M$15, 12,0) -> 0.98455814 | X50: =((R50*L50*V50)+(R50*L50*W50))*-1 -> -212491.67 | Y50: =S50*O50*W50*2*-1 -> -17456.216 | Z50: =T50*O50*W50*-1 -> -581.87386 | AA50: =SUM(X50:Z50) -> -230529.76 | AB50: =2.05*F50*-1*2 -> -123000 | AD50: =VLOOKUP(B50,'Input - Vessel List'!B:C,2,0) -> 12000 | AE50: =AD50*U50*-1 -> -590200 | AF50: =AA50+AB50+AE50+AC50 -> -943729.76 | AG50: =AF50/F50*-1 -> 31.457659
A51: 50 | B51: Handysize | C51: Cigading | D51: Ghana | E51: Tema | F51: 30000 | G51: 4000 | H51: =200*20 -> 4000 | I51: 1 | J51: 0 | K51: VLSFO | L51: =IF(K51 ="VLSFO", $N$2,$O$2) -> 504 | M51: Singapore | N51: =VLOOKUP(M51, 'Input - Bunker'!$A$2:$C$5,2,0) -> 504 | O51: =VLOOKUP(M51, 'Input - Bunker'!$A$2:$C$5,3,0) -> 591 | P51: ='Input - OD Intl'!G26 -> 7709 | Q51: =VLOOKUP(B51, 'Input - Vessel List'!$B$2:$K$11, 7,0) -> 10 | R51: =P51*2/(Q51*24) -> 64.241667 | S51: =(F51/G51)+(F51/H51) -> 15 | T51: =I51+J51 -> 1 | U51: =SUM(R51:T51) -> 80.241667 | V51: =VLOOKUP(B51, 'Input - Vessel List'!$B$2:$M$15, 11,0) -> 11.72093 | W51: =VLOOKUP(B51, 'Input - Vessel List'!$B$2:$M$15, 12,0) -> 0.98455814 | X51: =((R51*L51*V51)+(R51*L51*W51))*-1 -> -411375.76 | Y51: =S51*O51*W51*2*-1 -> -17456.216 | Z51: =T51*O51*W51*-1 -> -581.87386 | AA51: =SUM(X51:Z51) -> -429413.85 | AB51: =2.05*F51*-1*2 -> -123000 | AD51: =VLOOKUP(B51,'Input - Vessel List'!B:C,2,0) -> 12000 | AE51: =AD51*U51*-1 -> -962900 | AF51: =AA51+AB51+AE51+AC51 -> -1515313.9 | AG51: =AF51/F51*-1 -> 50.510462
A52: 51 | B52: Handy SR | C52: Cigading | D52: Jepang | E52: Niihama | F52: 15000 | G52: =200*24 -> 4800 | H52: =200*24 -> 4800 | I52: 1 | J52: 0 | K52: VLSFO | L52: =IF(K52 ="VLSFO", $N$2,$O$2) -> 504 | M52: Singapore | N52: =VLOOKUP(M52, 'Input - Bunker'!$A$2:$C$5,2,0) -> 504 | O52: =VLOOKUP(M52, 'Input - Bunker'!$A$2:$C$5,3,0) -> 591 | P52: ='Input - OD Intl'!G27 -> 2944 | Q52: =VLOOKUP(B52, 'Input - Vessel List'!$B$2:$K$11, 7,0) -> 10 | R52: =P52*2/(Q52*24) -> 24.533333 | S52: =(F52/G52)+(F52/H52) -> 6.25 | T52: =I52+J52 -> 1 | U52: =SUM(R52:T52) -> 31.783333 | V52: =VLOOKUP(B52, 'Input - Vessel List'!$B$2:$M$15, 11,0) -> 11.72093 | W52: =VLOOKUP(B52, 'Input - Vessel List'!$B$2:$M$15, 12,0) -> 1.5237209 | X52: =((R52*L52*V52)+(R52*L52*W52))*-1 -> -163767.46 | Y52: =S52*O52*W52*2*-1 -> -11256.488 | Z52: =T52*O52*W52*-1 -> -900.51907 | AA52: =SUM(X52:Z52) -> -175924.47 | AB52: =2.05*F52*-1*2 -> -61500 | AD52: =VLOOKUP(B52,'Input - Vessel List'!B:C,2,0) -> 25809 | AE52: =AD52*U52*-1 -> -820296.05 | AF52: =AA52+AB52+AE52+AC52 -> -1057720.5 | AG52: =AF52/F52*-1 -> 70.514701
A53: 52 | B53: Handy SR | C53: Cigading | D53: South Korea | E53: Busan | F53: 15000 | G53: =200*24 -> 4800 | H53: =200*24 -> 4800 | I53: 1 | J53: 0 | K53: VLSFO | L53: =IF(K53 ="VLSFO", $N$2,$O$2) -> 504 | M53: Singapore | N53: =VLOOKUP(M53, 'Input - Bunker'!$A$2:$C$5,2,0) -> 504 | O53: =VLOOKUP(M53, 'Input - Bunker'!$A$2:$C$5,3,0) -> 591 | P53: ='Input - OD Intl'!G28 -> 2849 | Q53: =VLOOKUP(B53, 'Input - Vessel List'!$B$2:$K$11, 7,0) -> 10 | R53: =P53*2/(Q53*24) -> 23.741667 | S53: =(F53/G53)+(F53/H53) -> 6.25 | T53: =I53+J53 -> 1 | U53: =SUM(R53:T53) -> 30.991667 | V53: =VLOOKUP(B53, 'Input - Vessel List'!$B$2:$M$15, 11,0) -> 11.72093 | W53: =VLOOKUP(B53, 'Input - Vessel List'!$B$2:$M$15, 12,0) -> 1.5237209 | X53: =((R53*L53*V53)+(R53*L53*W53))*-1 -> -158482.85 | Y53: =S53*O53*W53*2*-1 -> -11256.488 | Z53: =T53*O53*W53*-1 -> -900.51907 | AA53: =SUM(X53:Z53) -> -170639.85 | AB53: =2.05*F53*-1*2 -> -61500 | AD53: =VLOOKUP(B53,'Input - Vessel List'!B:C,2,0) -> 25809 | AE53: =AD53*U53*-1 -> -799863.93 | AF53: =AA53+AB53+AE53+AC53 -> -1032003.8 | AG53: =AF53/F53*-1 -> 68.800252
A54: 53 | B54: Handy SR | C54: Cigading | D54: China | E54: Zhoushan | F54: 15000 | G54: =200*24 -> 4800 | H54: =200*24 -> 4800 | I54: 1 | J54: 0 | K54: VLSFO | L54: =IF(K54 ="VLSFO", $N$2,$O$2) -> 504 | M54: Singapore | N54: =VLOOKUP(M54, 'Input - Bunker'!$A$2:$C$5,2,0) -> 504 | O54: =VLOOKUP(M54, 'Input - Bunker'!$A$2:$C$5,3,0) -> 591 | P54: ='Input - OD Intl'!G29 -> 2410 | Q54: =VLOOKUP(B54, 'Input - Vessel List'!$B$2:$K$11, 7,0) -> 10 | R54: =P54*2/(Q54*24) -> 20.083333 | S54: =(F54/G54)+(F54/H54) -> 6.25 | T54: =I54+J54 -> 1 | U54: =SUM(R54:T54) -> 27.333333 | V54: =VLOOKUP(B54, 'Input - Vessel List'!$B$2:$M$15, 11,0) -> 11.72093 | W54: =VLOOKUP(B54, 'Input - Vessel List'!$B$2:$M$15, 12,0) -> 1.5237209 | X54: =((R54*L54*V54)+(R54*L54*W54))*-1 -> -134062.36 | Y54: =S54*O54*W54*2*-1 -> -11256.488 | Z54: =T54*O54*W54*-1 -> -900.51907 | AA54: =SUM(X54:Z54) -> -146219.37 | AB54: =2.05*F54*-1*2 -> -61500 | AD54: =VLOOKUP(B54,'Input - Vessel List'!B:C,2,0) -> 25809 | AE54: =AD54*U54*-1 -> -705446 | AF54: =AA54+AB54+AE54+AC54 -> -913165.37 | AG54: =AF54/F54*-1 -> 60.877691
A55: 54 | B55: Handy SR | C55: Cigading | D55: Australia | E55: Gladstone | F55: 15000 | G55: =200*24 -> 4800 | H55: =200*24 -> 4800 | I55: 1 | J55: 0 | K55: VLSFO | L55: =IF(K55 ="VLSFO", $N$2,$O$2) -> 504 | M55: Singapore | N55: =VLOOKUP(M55, 'Input - Bunker'!$A$2:$C$5,2,0) -> 504 | O55: =VLOOKUP(M55, 'Input - Bunker'!$A$2:$C$5,3,0) -> 591 | P55: ='Input - OD Intl'!G30 -> 1722 | Q55: =VLOOKUP(B55, 'Input - Vessel List'!$B$2:$K$11, 7,0) -> 10 | R55: =P55*2/(Q55*24) -> 14.35 | S55: =(F55/G55)+(F55/H55) -> 6.25 | T55: =I55+J55 -> 1 | U55: =SUM(R55:T55) -> 21.6 | V55: =VLOOKUP(B55, 'Input - Vessel List'!$B$2:$M$15, 11,0) -> 11.72093 | W55: =VLOOKUP(B55, 'Input - Vessel List'!$B$2:$M$15, 12,0) -> 1.5237209 | X55: =((R55*L55*V55)+(R55*L55*W55))*-1 -> -95790.615 | Y55: =S55*O55*W55*2*-1 -> -11256.488 | Z55: =T55*O55*W55*-1 -> -900.51907 | AA55: =SUM(X55:Z55) -> -107947.62 | AB55: =2.05*F55*-1*2 -> -61500 | AD55: =VLOOKUP(B55,'Input - Vessel List'!B:C,2,0) -> 25809 | AE55: =AD55*U55*-1 -> -557474.4 | AF55: =AA55+AB55+AE55+AC55 -> -726922.02 | AG55: =AF55/F55*-1 -> 48.461468
A56: 55 | B56: Handy SR | C56: Cigading | D56: WC-India | E56: Tuticorin | F56: 15000 | G56: =200*24 -> 4800 | H56: =200*24 -> 4800 | I56: 1 | J56: 0 | K56: VLSFO | L56: =IF(K56 ="VLSFO", $N$2,$O$2) -> 504 | M56: Singapore | N56: =VLOOKUP(M56, 'Input - Bunker'!$A$2:$C$5,2,0) -> 504 | O56: =VLOOKUP(M56, 'Input - Bunker'!$A$2:$C$5,3,0) -> 591 | P56: ='Input - OD Intl'!G31 -> 1932 | Q56: =VLOOKUP(B56, 'Input - Vessel List'!$B$2:$K$11, 7,0) -> 10 | R56: =P56*2/(Q56*24) -> 16.1 | S56: =(F56/G56)+(F56/H56) -> 6.25 | T56: =I56+J56 -> 1 | U56: =SUM(R56:T56) -> 23.35 | V56: =VLOOKUP(B56, 'Input - Vessel List'!$B$2:$M$15, 11,0) -> 11.72093 | W56: =VLOOKUP(B56, 'Input - Vessel List'!$B$2:$M$15, 12,0) -> 1.5237209 | X56: =((R56*L56*V56)+(R56*L56*W56))*-1 -> -107472.4 | Y56: =S56*O56*W56*2*-1 -> -11256.488 | Z56: =T56*O56*W56*-1 -> -900.51907 | AA56: =SUM(X56:Z56) -> -119629.4 | AB56: =2.05*F56*-1*2 -> -61500 | AD56: =VLOOKUP(B56,'Input - Vessel List'!B:C,2,0) -> 25809 | AE56: =AD56*U56*-1 -> -602640.15 | AF56: =AA56+AB56+AE56+AC56 -> -783769.55 | AG56: =AF56/F56*-1 -> 52.251304
A57: 56 | B57: Handy SR | C57: Cigading | D57: Myanmar | E57: Yangon | F57: 15000 | G57: =200*24 -> 4800 | H57: =200*24 -> 4800 | I57: 1 | J57: 0 | K57: VLSFO | L57: =IF(K57 ="VLSFO", $N$2,$O$2) -> 504 | M57: Singapore | N57: =VLOOKUP(M57, 'Input - Bunker'!$A$2:$C$5,2,0) -> 504 | O57: =VLOOKUP(M57, 'Input - Bunker'!$A$2:$C$5,3,0) -> 591 | P57: ='Input - OD Intl'!G32 -> 1641 | Q57: =VLOOKUP(B57, 'Input - Vessel List'!$B$2:$K$11, 7,0) -> 10 | R57: =P57*2/(Q57*24) -> 13.675 | S57: =(F57/G57)+(F57/H57) -> 6.25 | T57: =I57+J57 -> 1 | U57: =SUM(R57:T57) -> 20.925 | V57: =VLOOKUP(B57, 'Input - Vessel List'!$B$2:$M$15, 11,0) -> 11.72093 | W57: =VLOOKUP(B57, 'Input - Vessel List'!$B$2:$M$15, 12,0) -> 1.5237209 | X57: =((R57*L57*V57)+(R57*L57*W57))*-1 -> -91284.785 | Y57: =S57*O57*W57*2*-1 -> -11256.488 | Z57: =T57*O57*W57*-1 -> -900.51907 | AA57: =SUM(X57:Z57) -> -103441.79 | AB57: =2.05*F57*-1*2 -> -61500 | AD57: =VLOOKUP(B57,'Input - Vessel List'!B:C,2,0) -> 25809 | AE57: =AD57*U57*-1 -> -540053.33 | AF57: =AA57+AB57+AE57+AC57 -> -704995.12 | AG57: =AF57/F57*-1 -> 46.999674
A58: 57 | B58: Handy SR | C58: Cigading | D58: Thailand | E58: Bangkok | F58: 15000 | G58: =200*24 -> 4800 | H58: =200*24 -> 4800 | I58: 1 | J58: 0 | K58: VLSFO | L58: =IF(K58 ="VLSFO", $N$2,$O$2) -> 504 | M58: Singapore | N58: =VLOOKUP(M58, 'Input - Bunker'!$A$2:$C$5,2,0) -> 504 | O58: =VLOOKUP(M58, 'Input - Bunker'!$A$2:$C$5,3,0) -> 591 | P58: ='Input - OD Intl'!G33 -> 1303 | Q58: =VLOOKUP(B58, 'Input - Vessel List'!$B$2:$K$11, 7,0) -> 10 | R58: =P58*2/(Q58*24) -> 10.858333 | S58: =(F58/G58)+(F58/H58) -> 6.25 | T58: =I58+J58 -> 1 | U58: =SUM(R58:T58) -> 18.108333 | V58: =VLOOKUP(B58, 'Input - Vessel List'!$B$2:$M$15, 11,0) -> 11.72093 | W58: =VLOOKUP(B58, 'Input - Vessel List'!$B$2:$M$15, 12,0) -> 1.5237209 | X58: =((R58*L58*V58)+(R58*L58*W58))*-1 -> -72482.678 | Y58: =S58*O58*W58*2*-1 -> -11256.488 | Z58: =T58*O58*W58*-1 -> -900.51907 | AA58: =SUM(X58:Z58) -> -84639.685 | AB58: =2.05*F58*-1*2 -> -61500 | AD58: =VLOOKUP(B58,'Input - Vessel List'!B:C,2,0) -> 25809 | AE58: =AD58*U58*-1 -> -467357.98 | AF58: =AA58+AB58+AE58+AC58 -> -613497.66 | AG58: =AF58/F58*-1 -> 40.899844
A59: 58 | B59: Handy SR | C59: Cigading | D59: Taiwan | E59: Taichung | F59: 15000 | G59: =200*24 -> 4800 | H59: =200*24 -> 4800 | I59: 1 | J59: 0 | K59: VLSFO | L59: =IF(K59 ="VLSFO", $N$2,$O$2) -> 504 | M59: Singapore | N59: =VLOOKUP(M59, 'Input - Bunker'!$A$2:$C$5,2,0) -> 504 | O59: =VLOOKUP(M59, 'Input - Bunker'!$A$2:$C$5,3,0) -> 591 | P59: ='Input - OD Intl'!G34 -> 2061 | Q59: =VLOOKUP(B59, 'Input - Vessel List'!$B$2:$K$11, 7,0) -> 10 | R59: =P59*2/(Q59*24) -> 17.175 | S59: =(F59/G59)+(F59/H59) -> 6.25 | T59: =I59+J59 -> 1 | U59: =SUM(R59:T59) -> 24.425 | V59: =VLOOKUP(B59, 'Input - Vessel List'!$B$2:$M$15, 11,0) -> 11.72093 | W59: =VLOOKUP(B59, 'Input - Vessel List'!$B$2:$M$15, 12,0) -> 1.5237209 | X59: =((R59*L59*V59)+(R59*L59*W59))*-1 -> -114648.35 | Y59: =S59*O59*W59*2*-1 -> -11256.488 | Z59: =T59*O59*W59*-1 -> -900.51907 | AA59: =SUM(X59:Z59) -> -126805.36 | AB59: =2.05*F59*-1*2 -> -61500 | AD59: =VLOOKUP(B59,'Input - Vessel List'!B:C,2,0) -> 25809 | AE59: =AD59*U59*-1 -> -630384.83 | AF59: =AA59+AB59+AE59+AC59 -> -818690.18 | AG59: =AF59/F59*-1 -> 54.579345
A60: 59 | B60: Handysize | C60: Bontang | D60: Philippines | E60: Davao | F60: 30000 | G60: 5000 | H60: =200*20 -> 4000 | I60: 1 | J60: 0 | K60: VLSFO | L60: =IF(K60 ="VLSFO", $N$2,$O$2) -> 504 | M60: Singapore | N60: =VLOOKUP(M60, 'Input - Bunker'!$A$2:$C$5,2,0) -> 504 | O60: =VLOOKUP(M60, 'Input - Bunker'!$A$2:$C$5,3,0) -> 591 | P60: ='Input - OD Intl'!H6 -> 697 | Q60: =VLOOKUP(B60, 'Input - Vessel List'!$B$2:$K$11, 7,0) -> 10 | R60: =P60*2/(Q60*24) -> 5.8083333 | S60: =(F60/G60)+(F60/H60) -> 13.5 | T60: =I60+J60 -> 1 | U60: =SUM(R60:T60) -> 20.308333 | V60: =VLOOKUP(B60, 'Input - Vessel List'!$B$2:$M$15, 11,0) -> 11.72093 | W60: =VLOOKUP(B60, 'Input - Vessel List'!$B$2:$M$15, 12,0) -> 0.98455814 | X60: =((R60*L60*V60)+(R60*L60*W60))*-1 -> -37194.047 | Y60: =S60*O60*W60*2*-1 -> -15710.594 | Z60: =T60*O60*W60*-1 -> -581.87386 | AA60: =SUM(X60:Z60) -> -53486.515 | AB60: =2.05*F60*-1*2 -> -123000 | AD60: =VLOOKUP(B60,'Input - Vessel List'!B:C,2,0) -> 12000 | AE60: =AD60*U60*-1 -> -243700 | AF60: =AA60+AB60+AE60+AC60 -> -420186.51 | AG60: =AF60/F60*-1 -> 14.006217
A61: 60 | B61: Handysize | C61: Bontang | D61: Thailand | E61: Bangkok | F61: 30000 | G61: 5000 | H61: =200*20 -> 4000 | I61: 1 | J61: 0 | K61: VLSFO | L61: =IF(K61 ="VLSFO", $N$2,$O$2) -> 504 | M61: Singapore | N61: =VLOOKUP(M61, 'Input - Bunker'!$A$2:$C$5,2,0) -> 504 | O61: =VLOOKUP(M61, 'Input - Bunker'!$A$2:$C$5,3,0) -> 591 | P61: ='Input - OD Intl'!H7 -> 1751 | Q61: =VLOOKUP(B61, 'Input - Vessel List'!$B$2:$K$11, 7,0) -> 10 | R61: =P61*2/(Q61*24) -> 14.591667 | S61: =(F61/G61)+(F61/H61) -> 13.5 | T61: =I61+J61 -> 1 | U61: =SUM(R61:T61) -> 29.091667 | V61: =VLOOKUP(B61, 'Input - Vessel List'!$B$2:$M$15, 11,0) -> 11.72093 | W61: =VLOOKUP(B61, 'Input - Vessel List'!$B$2:$M$15, 12,0) -> 0.98455814 | X61: =((R61*L61*V61)+(R61*L61*W61))*-1 -> -93438.703 | Y61: =S61*O61*W61*2*-1 -> -15710.594 | Z61: =T61*O61*W61*-1 -> -581.87386 | AA61: =SUM(X61:Z61) -> -109731.17 | AB61: =2.05*F61*-1*2 -> -123000 | AD61: =VLOOKUP(B61,'Input - Vessel List'!B:C,2,0) -> 12000 | AE61: =AD61*U61*-1 -> -349100 | AF61: =AA61+AB61+AE61+AC61 -> -581831.17 | AG61: =AF61/F61*-1 -> 19.394372
A62: 61 | B62: Handysize | C62: Bontang | D62: Vietnam | E62: Hai Phong | F62: 30000 | G62: 5000 | H62: =200*20 -> 4000 | I62: 1 | J62: 0 | K62: VLSFO | L62: =IF(K62 ="VLSFO", $N$2,$O$2) -> 504 | M62: Singapore | N62: =VLOOKUP(M62, 'Input - Bunker'!$A$2:$C$5,2,0) -> 504 | O62: =VLOOKUP(M62, 'Input - Bunker'!$A$2:$C$5,3,0) -> 591 | P62: ='Input - OD Intl'!H8 -> 1577 | Q62: =VLOOKUP(B62, 'Input - Vessel List'!$B$2:$K$11, 7,0) -> 10 | R62: =P62*2/(Q62*24) -> 13.141667 | S62: =(F62/G62)+(F62/H62) -> 13.5 | T62: =I62+J62 -> 1 | U62: =SUM(R62:T62) -> 27.641667 | V62: =VLOOKUP(B62, 'Input - Vessel List'!$B$2:$M$15, 11,0) -> 11.72093 | W62: =VLOOKUP(B62, 'Input - Vessel List'!$B$2:$M$15, 12,0) -> 0.98455814 | X62: =((R62*L62*V62)+(R62*L62*W62))*-1 -> -84153.532 | Y62: =S62*O62*W62*2*-1 -> -15710.594 | Z62: =T62*O62*W62*-1 -> -581.87386 | AA62: =SUM(X62:Z62) -> -100446 | AB62: =2.05*F62*-1*2 -> -123000 | AD62: =VLOOKUP(B62,'Input - Vessel List'!B:C,2,0) -> 12000 | AE62: =AD62*U62*-1 -> -331700 | AF62: =AA62+AB62+AE62+AC62 -> -555146 | AG62: =AF62/F62*-1 -> 18.504867
A63: 62 | B63: Handysize | C63: Bontang | D63: Jepang | E63: Nagoya | F63: 30000 | G63: 5000 | H63: =200*20 -> 4000 | I63: 1 | J63: 0 | K63: VLSFO | L63: =IF(K63 ="VLSFO", $N$2,$O$2) -> 504 | M63: Singapore | N63: =VLOOKUP(M63, 'Input - Bunker'!$A$2:$C$5,2,0) -> 504 | O63: =VLOOKUP(M63, 'Input - Bunker'!$A$2:$C$5,3,0) -> 591 | P63: ='Input - OD Intl'!H9 -> 2485 | Q63: =VLOOKUP(B63, 'Input - Vessel List'!$B$2:$K$11, 7,0) -> 10 | R63: =P63*2/(Q63*24) -> 20.708333 | S63: =(F63/G63)+(F63/H63) -> 13.5 | T63: =I63+J63 -> 1 | U63: =SUM(R63:T63) -> 35.208333 | V63: =VLOOKUP(B63, 'Input - Vessel List'!$B$2:$M$15, 11,0) -> 11.72093 | W63: =VLOOKUP(B63, 'Input - Vessel List'!$B$2:$M$15, 12,0) -> 0.98455814 | X63: =((R63*L63*V63)+(R63*L63*W63))*-1 -> -132607.18 | Y63: =S63*O63*W63*2*-1 -> -15710.594 | Z63: =T63*O63*W63*-1 -> -581.87386 | AA63: =SUM(X63:Z63) -> -148899.65 | AB63: =2.05*F63*-1*2 -> -123000 | AD63: =VLOOKUP(B63,'Input - Vessel List'!B:C,2,0) -> 12000 | AE63: =AD63*U63*-1 -> -422500 | AF63: =AA63+AB63+AE63+AC63 -> -694399.65 | AG63: =AF63/F63*-1 -> 23.146655
A64: 63 | B64: Handysize | C64: Bontang | D64: Taiwan | E64: Taichung | F64: 30000 | G64: 5000 | H64: =200*20 -> 4000 | I64: 1 | J64: 0 | K64: VLSFO | L64: =IF(K64 ="VLSFO", $N$2,$O$2) -> 504 | M64: Singapore | N64: =VLOOKUP(M64, 'Input - Bunker'!$A$2:$C$5,2,0) -> 504 | O64: =VLOOKUP(M64, 'Input - Bunker'!$A$2:$C$5,3,0) -> 591 | P64: ='Input - OD Intl'!H10 -> 1539 | Q64: =VLOOKUP(B64, 'Input - Vessel List'!$B$2:$K$11, 7,0) -> 10 | R64: =P64*2/(Q64*24) -> 12.825 | S64: =(F64/G64)+(F64/H64) -> 13.5 | T64: =I64+J64 -> 1 | U64: =SUM(R64:T64) -> 27.325 | V64: =VLOOKUP(B64, 'Input - Vessel List'!$B$2:$M$15, 11,0) -> 11.72093 | W64: =VLOOKUP(B64, 'Input - Vessel List'!$B$2:$M$15, 12,0) -> 0.98455814 | X64: =((R64*L64*V64)+(R64*L64*W64))*-1 -> -82125.736 | Y64: =S64*O64*W64*2*-1 -> -15710.594 | Z64: =T64*O64*W64*-1 -> -581.87386 | AA64: =SUM(X64:Z64) -> -98418.204 | AB64: =2.05*F64*-1*2 -> -123000 | AD64: =VLOOKUP(B64,'Input - Vessel List'!B:C,2,0) -> 12000 | AE64: =AD64*U64*-1 -> -327900 | AF64: =AA64+AB64+AE64+AC64 -> -549318.2 | AG64: =AF64/F64*-1 -> 18.310607
A65: 64 | B65: Handysize | C65: Bontang | D65: WC-India | E65: Mundra | F65: 30000 | G65: 5000 | H65: =200*20 -> 4000 | I65: 1 | J65: 0 | K65: VLSFO | L65: =IF(K65 ="VLSFO", $N$2,$O$2) -> 504 | M65: Singapore | N65: =VLOOKUP(M65, 'Input - Bunker'!$A$2:$C$5,2,0) -> 504 | O65: =VLOOKUP(M65, 'Input - Bunker'!$A$2:$C$5,3,0) -> 591 | P65: ='Input - OD Intl'!H11 -> 3906 | Q65: =VLOOKUP(B65, 'Input - Vessel List'!$B$2:$K$11, 7,0) -> 10 | R65: =P65*2/(Q65*24) -> 32.55 | S65: =(F65/G65)+(F65/H65) -> 13.5 | T65: =I65+J65 -> 1 | U65: =SUM(R65:T65) -> 47.05 | V65: =VLOOKUP(B65, 'Input - Vessel List'!$B$2:$M$15, 11,0) -> 11.72093 | W65: =VLOOKUP(B65, 'Input - Vessel List'!$B$2:$M$15, 12,0) -> 0.98455814 | X65: =((R65*L65*V65)+(R65*L65*W65))*-1 -> -208436.08 | Y65: =S65*O65*W65*2*-1 -> -15710.594 | Z65: =T65*O65*W65*-1 -> -581.87386 | AA65: =SUM(X65:Z65) -> -224728.55 | AB65: =((32370*(0.887198+0.065016+0.03472))+100+250+(0.009821*S65/2)+(1800*3*2))*-1*2 -> -86194.24 | AD65: =VLOOKUP(B65,'Input - Vessel List'!B:C,2,0) -> 12000 | AE65: =AD65*U65*-1 -> -564600 | AF65: =AA65+AB65+AE65+AC65 -> -875522.79 | AG65: =AF65/F65*-1 -> 29.184093
A66: 65 | B66: Handysize | C66: Bontang | D66: Australia | E66: Geelong | F66: 30000 | G66: 5000 | H66: =200*20 -> 4000 | I66: 1 | J66: 0 | K66: VLSFO | L66: =IF(K66 ="VLSFO", $N$2,$O$2) -> 504 | M66: Singapore | N66: =VLOOKUP(M66, 'Input - Bunker'!$A$2:$C$5,2,0) -> 504 | O66: =VLOOKUP(M66, 'Input - Bunker'!$A$2:$C$5,3,0) -> 591 | P66: ='Input - OD Intl'!H12 -> 3627 | Q66: =VLOOKUP(B66, 'Input - Vessel List'!$B$2:$K$11, 7,0) -> 10 | R66: =P66*2/(Q66*24) -> 30.225 | S66: =(F66/G66)+(F66/H66) -> 13.5 | T66: =I66+J66 -> 1 | U66: =SUM(R66:T66) -> 44.725 | V66: =VLOOKUP(B66, 'Input - Vessel List'!$B$2:$M$15, 11,0) -> 11.72093 | W66: =VLOOKUP(B66, 'Input - Vessel List'!$B$2:$M$15, 12,0) -> 0.98455814 | X66: =((R66*L66*V66)+(R66*L66*W66))*-1 -> -193547.79 | Y66: =S66*O66*W66*2*-1 -> -15710.594 | Z66: =T66*O66*W66*-1 -> -581.87386 | AA66: =SUM(X66:Z66) -> -209840.25 | AB66: =32370*-1*2*2.05 -> -132717 | AD66: =VLOOKUP(B66,'Input - Vessel List'!B:C,2,0) -> 12000 | AE66: =AD66*U66*-1 -> -536700 | AF66: =AA66+AB66+AE66+AC66 -> -879257.25 | AG66: =AF66/F66*-1 -> 29.308575
A67: 66 | B67: Handysize | C67: Bontang | D67: North Afrika | E67: Jorf Lasfar | F67: 30000 | G67: 5000 | H67: =200*20 -> 4000 | I67: 1 | J67: 0 | K67: VLSFO | L67: =IF(K67 ="VLSFO", $N$2,$O$2) -> 504 | M67: Singapore | N67: =VLOOKUP(M67, 'Input - Bunker'!$A$2:$C$5,2,0) -> 504 | O67: =VLOOKUP(M67, 'Input - Bunker'!$A$2:$C$5,3,0) -> 591 | P67: ='Input - OD Intl'!H13 -> 8314 | Q67: =VLOOKUP(B67, 'Input - Vessel List'!$B$2:$K$11, 7,0) -> 10 | R67: =P67*2/(Q67*24) -> 69.283333 | S67: =(F67/G67)+(F67/H67) -> 13.5 | T67: =I67+J67 -> 1 | U67: =SUM(R67:T67) -> 83.783333 | V67: =VLOOKUP(B67, 'Input - Vessel List'!$B$2:$M$15, 11,0) -> 11.72093 | W67: =VLOOKUP(B67, 'Input - Vessel List'!$B$2:$M$15, 12,0) -> 0.98455814 | X67: =((R67*L67*V67)+(R67*L67*W67))*-1 -> -443660.41 | Y67: =S67*O67*W67*2*-1 -> -15710.594 | Z67: =T67*O67*W67*-1 -> -581.87386 | AA67: =SUM(X67:Z67) -> -459952.88 | AB67: =2.05*F67*-1*2 -> -123000 | AD67: =VLOOKUP(B67,'Input - Vessel List'!B:C,2,0) -> 12000 | AE67: =AD67*U67*-1 -> -1005400 | AF67: =AA67+AB67+AE67+AC67 -> -1588352.9 | AG67: =AF67/F67*-1 -> 52.945096
A68: 67 | B68: Handysize | C68: Bontang | D68: Brazil | E68: Santos | F68: 30000 | G68: 5000 | H68: =200*20 -> 4000 | I68: 1 | J68: 0 | K68: VLSFO | L68: =IF(K68 ="VLSFO", $N$2,$O$2) -> 504 | M68: Singapore | N68: =VLOOKUP(M68, 'Input - Bunker'!$A$2:$C$5,2,0) -> 504 | O68: =VLOOKUP(M68, 'Input - Bunker'!$A$2:$C$5,3,0) -> 591 | P68: ='Input - OD Intl'!H14 -> 9154 | Q68: =VLOOKUP(B68, 'Input - Vessel List'!$B$2:$K$11, 7,0) -> 10 | R68: =P68*2/(Q68*24) -> 76.283333 | S68: =(F68/G68)+(F68/H68) -> 13.5 | T68: =I68+J68 -> 1 | U68: =SUM(R68:T68) -> 90.783333 | V68: =VLOOKUP(B68, 'Input - Vessel List'!$B$2:$M$15, 11,0) -> 11.72093 | W68: =VLOOKUP(B68, 'Input - Vessel List'!$B$2:$M$15, 12,0) -> 0.98455814 | X68: =((R68*L68*V68)+(R68*L68*W68))*-1 -> -488485.37 | Y68: =S68*O68*W68*2*-1 -> -15710.594 | Z68: =T68*O68*W68*-1 -> -581.87386 | AA68: =SUM(X68:Z68) -> -504777.84 | AB68: =2.05*F68*-1*2 -> -123000 | AD68: =VLOOKUP(B68,'Input - Vessel List'!B:C,2,0) -> 12000 | AE68: =AD68*U68*-1 -> -1089400 | AF68: =AA68+AB68+AE68+AC68 -> -1717177.8 | AG68: =AF68/F68*-1 -> 57.239261
A69: 68 | B69: Handysize | C69: Bontang | D69: Philippine | E69: Davao | F69: 30000 | G69: 5000 | H69: =200*20 -> 4000 | I69: 1 | J69: 0 | K69: VLSFO | L69: =IF(K69 ="VLSFO", $N$2,$O$2) -> 504 | M69: Singapore | N69: =VLOOKUP(M69, 'Input - Bunker'!$A$2:$C$5,2,0) -> 504 | O69: =VLOOKUP(M69, 'Input - Bunker'!$A$2:$C$5,3,0) -> 591 | P69: ='Input - OD Intl'!H15 -> 697 | Q69: =VLOOKUP(B69, 'Input - Vessel List'!$B$2:$K$11, 7,0) -> 10 | R69: =P69*2/(Q69*24) -> 5.8083333 | S69: =(F69/G69)+(F69/H69) -> 13.5 | T69: =I69+J69 -> 1 | U69: =SUM(R69:T69) -> 20.308333 | V69: =VLOOKUP(B69, 'Input - Vessel List'!$B$2:$M$15, 11,0) -> 11.72093 | W69: =VLOOKUP(B69, 'Input - Vessel List'!$B$2:$M$15, 12,0) -> 0.98455814 | X69: =((R69*L69*V69)+(R69*L69*W69))*-1 -> -37194.047 | Y69: =S69*O69*W69*2*-1 -> -15710.594 | Z69: =T69*O69*W69*-1 -> -581.87386 | AA69: =SUM(X69:Z69) -> -53486.515 | AB69: =2.05*F69*-1*2 -> -123000 | AD69: =VLOOKUP(B69,'Input - Vessel List'!B:C,2,0) -> 12000 | AE69: =AD69*U69*-1 -> -243700 | AF69: =AA69+AB69+AE69+AC69 -> -420186.51 | AG69: =AF69/F69*-1 -> 14.006217
A70: 69 | B70: Handysize | C70: Bontang | D70: Thailand | E70: Bangkok | F70: 30000 | G70: 5000 | H70: =200*20 -> 4000 | I70: 1 | J70: 0 | K70: VLSFO | L70: =IF(K70 ="VLSFO", $N$2,$O$2) -> 504 | M70: Singapore | N70: =VLOOKUP(M70, 'Input - Bunker'!$A$2:$C$5,2,0) -> 504 | O70: =VLOOKUP(M70, 'Input - Bunker'!$A$2:$C$5,3,0) -> 591 | P70: ='Input - OD Intl'!H16 -> 1751 | Q70: =VLOOKUP(B70, 'Input - Vessel List'!$B$2:$K$11, 7,0) -> 10 | R70: =P70*2/(Q70*24) -> 14.591667 | S70: =(F70/G70)+(F70/H70) -> 13.5 | T70: =I70+J70 -> 1 | U70: =SUM(R70:T70) -> 29.091667 | V70: =VLOOKUP(B70, 'Input - Vessel List'!$B$2:$M$15, 11,0) -> 11.72093 | W70: =VLOOKUP(B70, 'Input - Vessel List'!$B$2:$M$15, 12,0) -> 0.98455814 | X70: =((R70*L70*V70)+(R70*L70*W70))*-1 -> -93438.703 | Y70: =S70*O70*W70*2*-1 -> -15710.594 | Z70: =T70*O70*W70*-1 -> -581.87386 | AA70: =SUM(X70:Z70) -> -109731.17 | AB70: =2.05*F70*-1*2 -> -123000 | AD70: =VLOOKUP(B70,'Input - Vessel List'!B:C,2,0) -> 12000 | AE70: =AD70*U70*-1 -> -349100 | AF70: =AA70+AB70+AE70+AC70 -> -581831.17 | AG70: =AF70/F70*-1 -> 19.394372
A71: 70 | B71: Handysize | C71: Bontang | D71: Vietnam | E71: Hai Phong | F71: 30000 | G71: 5000 | H71: =200*20 -> 4000 | I71: 1 | J71: 0 | K71: VLSFO | L71: =IF(K71 ="VLSFO", $N$2,$O$2) -> 504 | M71: Singapore | N71: =VLOOKUP(M71, 'Input - Bunker'!$A$2:$C$5,2,0) -> 504 | O71: =VLOOKUP(M71, 'Input - Bunker'!$A$2:$C$5,3,0) -> 591 | P71: ='Input - OD Intl'!H17 -> 1577 | Q71: =VLOOKUP(B71, 'Input - Vessel List'!$B$2:$K$11, 7,0) -> 10 | R71: =P71*2/(Q71*24) -> 13.141667 | S71: =(F71/G71)+(F71/H71) -> 13.5 | T71: =I71+J71 -> 1 | U71: =SUM(R71:T71) -> 27.641667 | V71: =VLOOKUP(B71, 'Input - Vessel List'!$B$2:$M$15, 11,0) -> 11.72093 | W71: =VLOOKUP(B71, 'Input - Vessel List'!$B$2:$M$15, 12,0) -> 0.98455814 | X71: =((R71*L71*V71)+(R71*L71*W71))*-1 -> -84153.532 | Y71: =S71*O71*W71*2*-1 -> -15710.594 | Z71: =T71*O71*W71*-1 -> -581.87386 | AA71: =SUM(X71:Z71) -> -100446 | AB71: =2.05*F71*-1*2 -> -123000 | AD71: =VLOOKUP(B71,'Input - Vessel List'!B:C,2,0) -> 12000 | AE71: =AD71*U71*-1 -> -331700 | AF71: =AA71+AB71+AE71+AC71 -> -555146 | AG71: =AF71/F71*-1 -> 18.504867
A72: 71 | B72: Handysize | C72: Bontang | D72: Malaysia | E72: Port Klang | F72: 30000 | G72: 5000 | H72: =200*20 -> 4000 | I72: 1 | J72: 0 | K72: VLSFO | L72: =IF(K72 ="VLSFO", $N$2,$O$2) -> 504 | M72: Singapore | N72: =VLOOKUP(M72, 'Input - Bunker'!$A$2:$C$5,2,0) -> 504 | O72: =VLOOKUP(M72, 'Input - Bunker'!$A$2:$C$5,3,0) -> 591 | P72: ='Input - OD Intl'!H18 -> 1339 | Q72: =VLOOKUP(B72, 'Input - Vessel List'!$B$2:$K$11, 7,0) -> 10 | R72: =P72*2/(Q72*24) -> 11.158333 | S72: =(F72/G72)+(F72/H72) -> 13.5 | T72: =I72+J72 -> 1 | U72: =SUM(R72:T72) -> 25.658333 | V72: =VLOOKUP(B72, 'Input - Vessel List'!$B$2:$M$15, 11,0) -> 11.72093 | W72: =VLOOKUP(B72, 'Input - Vessel List'!$B$2:$M$15, 12,0) -> 0.98455814 | X72: =((R72*L72*V72)+(R72*L72*W72))*-1 -> -71453.126 | Y72: =S72*O72*W72*2*-1 -> -15710.594 | Z72: =T72*O72*W72*-1 -> -581.87386 | AA72: =SUM(X72:Z72) -> -87745.594 | AB72: =2.05*F72*-1*2 -> -123000 | AD72: =VLOOKUP(B72,'Input - Vessel List'!B:C,2,0) -> 12000 | AE72: =AD72*U72*-1 -> -307900 | AF72: =AA72+AB72+AE72+AC72 -> -518645.59 | AG72: =AF72/F72*-1 -> 17.288186
A73: 72 | B73: Handysize | C73: Bontang | D73: Laos | F73: 30000 | G73: 5000 | H73: =200*20 -> 4000 | I73: 1 | J73: 0 | K73: VLSFO | L73: =IF(K73 ="VLSFO", $N$2,$O$2) -> 504 | M73: Singapore | N73: =VLOOKUP(M73, 'Input - Bunker'!$A$2:$C$5,2,0) -> 504 | O73: =VLOOKUP(M73, 'Input - Bunker'!$A$2:$C$5,3,0) -> 591 | P73: ='Input - OD Intl'!H19 -> 0 | Q73: =VLOOKUP(B73, 'Input - Vessel List'!$B$2:$K$11, 7,0) -> 10 | R73: =P73*2/(Q73*24) -> 0 | S73: =(F73/G73)+(F73/H73) -> 13.5 | T73: =I73+J73 -> 1 | U73: =SUM(R73:T73) -> 14.5 | V73: =VLOOKUP(B73, 'Input - Vessel List'!$B$2:$M$15, 11,0) -> 11.72093 | W73: =VLOOKUP(B73, 'Input - Vessel List'!$B$2:$M$15, 12,0) -> 0.98455814 | X73: =((R73*L73*V73)+(R73*L73*W73))*-1 -> 0 | Y73: =S73*O73*W73*2*-1 -> -15710.594 | Z73: =T73*O73*W73*-1 -> -581.87386 | AA73: =SUM(X73:Z73) -> -16292.468 | AB73: =2.05*F73*-1*2 -> -123000 | AD73: =VLOOKUP(B73,'Input - Vessel List'!B:C,2,0) -> 12000 | AE73: =AD73*U73*-1 -> -174000 | AF73: =AA73+AB73+AE73+AC73 -> -313292.47 | AG73: =AF73/F73*-1 -> 10.443082
A74: 73 | B74: Handysize | C74: Bontang | D74: WC-India | E74: Mundra | F74: 30000 | G74: 5000 | H74: =200*20 -> 4000 | I74: 1 | J74: 0 | K74: VLSFO | L74: =IF(K74 ="VLSFO", $N$2,$O$2) -> 504 | M74: Singapore | N74: =VLOOKUP(M74, 'Input - Bunker'!$A$2:$C$5,2,0) -> 504 | O74: =VLOOKUP(M74, 'Input - Bunker'!$A$2:$C$5,3,0) -> 591 | P74: ='Input - OD Intl'!H20 -> 3906 | Q74: =VLOOKUP(B74, 'Input - Vessel List'!$B$2:$K$11, 7,0) -> 10 | R74: =P74*2/(Q74*24) -> 32.55 | S74: =(F74/G74)+(F74/H74) -> 13.5 | T74: =I74+J74 -> 1 | U74: =SUM(R74:T74) -> 47.05 | V74: =VLOOKUP(B74, 'Input - Vessel List'!$B$2:$M$15, 11,0) -> 11.72093 | W74: =VLOOKUP(B74, 'Input - Vessel List'!$B$2:$M$15, 12,0) -> 0.98455814 | X74: =((R74*L74*V74)+(R74*L74*W74))*-1 -> -208436.08 | Y74: =S74*O74*W74*2*-1 -> -15710.594 | Z74: =T74*O74*W74*-1 -> -581.87386 | AA74: =SUM(X74:Z74) -> -224728.55 | AB74: =2.05*F74*-1*2 -> -123000 | AD74: =VLOOKUP(B74,'Input - Vessel List'!B:C,2,0) -> 12000 | AE74: =AD74*U74*-1 -> -564600 | AF74: =AA74+AB74+AE74+AC74 -> -912328.55 | AG74: =AF74/F74*-1 -> 30.410952
A75: 74 | B75: Handysize | C75: Bontang | D75: Morocco | E75: Jorf Lasfar | F75: 30000 | G75: 5000 | H75: =200*20 -> 4000 | I75: 1 | J75: 0 | K75: VLSFO | L75: =IF(K75 ="VLSFO", $N$2,$O$2) -> 504 | M75: Singapore | N75: =VLOOKUP(M75, 'Input - Bunker'!$A$2:$C$5,2,0) -> 504 | O75: =VLOOKUP(M75, 'Input - Bunker'!$A$2:$C$5,3,0) -> 591 | P75: ='Input - OD Intl'!H21 -> 8314 | Q75: =VLOOKUP(B75, 'Input - Vessel List'!$B$2:$K$11, 7,0) -> 10 | R75: =P75*2/(Q75*24) -> 69.283333 | S75: =(F75/G75)+(F75/H75) -> 13.5 | T75: =I75+J75 -> 1 | U75: =SUM(R75:T75) -> 83.783333 | V75: =VLOOKUP(B75, 'Input - Vessel List'!$B$2:$M$15, 11,0) -> 11.72093 | W75: =VLOOKUP(B75, 'Input - Vessel List'!$B$2:$M$15, 12,0) -> 0.98455814 | X75: =((R75*L75*V75)+(R75*L75*W75))*-1 -> -443660.41 | Y75: =S75*O75*W75*2*-1 -> -15710.594 | Z75: =T75*O75*W75*-1 -> -581.87386 | AA75: =SUM(X75:Z75) -> -459952.88 | AB75: =2.05*F75*-1*2 -> -123000 | AC75: =(9.65*5000+7.37*5000+5.83*10000+2.13*12241)*-1 -> -169473.33 | AD75: =VLOOKUP(B75,'Input - Vessel List'!B:C,2,0) -> 12000 | AE75: =AD75*U75*-1 -> -1005400 | AF75: =AA75+AB75+AE75+AC75 -> -1757826.2 | AG75: =AF75/F75*-1 -> 58.594207
A76: 75 | B76: Handysize | C76: Bontang | D76: Myanmar | E76: Yangon | F76: 30000 | G76: 5000 | H76: =200*20 -> 4000 | I76: 1 | J76: 0 | K76: VLSFO | L76: =IF(K76 ="VLSFO", $N$2,$O$2) -> 504 | M76: Singapore | N76: =VLOOKUP(M76, 'Input - Bunker'!$A$2:$C$5,2,0) -> 504 | O76: =VLOOKUP(M76, 'Input - Bunker'!$A$2:$C$5,3,0) -> 591 | P76: ='Input - OD Intl'!H22 -> 2234 | Q76: =VLOOKUP(B76, 'Input - Vessel List'!$B$2:$K$11, 7,0) -> 10 | R76: =P76*2/(Q76*24) -> 18.616667 | S76: =(F76/G76)+(F76/H76) -> 13.5 | T76: =I76+J76 -> 1 | U76: =SUM(R76:T76) -> 33.116667 | V76: =VLOOKUP(B76, 'Input - Vessel List'!$B$2:$M$15, 11,0) -> 11.72093 | W76: =VLOOKUP(B76, 'Input - Vessel List'!$B$2:$M$15, 12,0) -> 0.98455814 | X76: =((R76*L76*V76)+(R76*L76*W76))*-1 -> -119213.06 | Y76: =S76*O76*W76*2*-1 -> -15710.594 | Z76: =T76*O76*W76*-1 -> -581.87386 | AA76: =SUM(X76:Z76) -> -135505.52 | AB76: =2.05*F76*-1*2 -> -123000 | AD76: =VLOOKUP(B76,'Input - Vessel List'!B:C,2,0) -> 12000 | AE76: =AD76*U76*-1 -> -397400 | AF76: =AA76+AB76+AE76+AC76 -> -655905.52 | AG76: =AF76/F76*-1 -> 21.863517
A77: 76 | B77: Handysize | C77: Bontang | D77: Afsel | E77: Richard's Bay | F77: 30000 | G77: 5000 | H77: =200*20 -> 4000 | I77: 1 | J77: 0 | K77: VLSFO | L77: =IF(K77 ="VLSFO", $N$2,$O$2) -> 504 | M77: Singapore | N77: =VLOOKUP(M77, 'Input - Bunker'!$A$2:$C$5,2,0) -> 504 | O77: =VLOOKUP(M77, 'Input - Bunker'!$A$2:$C$5,3,0) -> 591 | P77: ='Input - OD Intl'!H23 -> 5308 | Q77: =VLOOKUP(B77, 'Input - Vessel List'!$B$2:$K$11, 7,0) -> 10 | R77: =P77*2/(Q77*24) -> 44.233333 | S77: =(F77/G77)+(F77/H77) -> 13.5 | T77: =I77+J77 -> 1 | U77: =SUM(R77:T77) -> 58.733333 | V77: =VLOOKUP(B77, 'Input - Vessel List'!$B$2:$M$15, 11,0) -> 11.72093 | W77: =VLOOKUP(B77, 'Input - Vessel List'!$B$2:$M$15, 12,0) -> 0.98455814 | X77: =((R77*L77*V77)+(R77*L77*W77))*-1 -> -283251.08 | Y77: =S77*O77*W77*2*-1 -> -15710.594 | Z77: =T77*O77*W77*-1 -> -581.87386 | AA77: =SUM(X77:Z77) -> -299543.54 | AB77: =2.05*F77*-1*2 -> -123000 | AD77: =VLOOKUP(B77,'Input - Vessel List'!B:C,2,0) -> 12000 | AE77: =AD77*U77*-1 -> -704800 | AF77: =AA77+AB77+AE77+AC77 -> -1127343.5 | AG77: =AF77/F77*-1 -> 37.578118
A78: 77 | B78: Handysize | C78: Bontang | D78: Mesir | E78: Port Said | F78: 30000 | G78: 5000 | H78: =200*20 -> 4000 | I78: 1 | J78: 0 | K78: VLSFO | L78: =IF(K78 ="VLSFO", $N$2,$O$2) -> 504 | M78: Singapore | N78: =VLOOKUP(M78, 'Input - Bunker'!$A$2:$C$5,2,0) -> 504 | O78: =VLOOKUP(M78, 'Input - Bunker'!$A$2:$C$5,3,0) -> 591 | P78: ='Input - OD Intl'!H24 -> 6158 | Q78: =VLOOKUP(B78, 'Input - Vessel List'!$B$2:$K$11, 7,0) -> 10 | R78: =P78*2/(Q78*24) -> 51.316667 | S78: =(F78/G78)+(F78/H78) -> 13.5 | T78: =I78+J78 -> 1 | U78: =SUM(R78:T78) -> 65.816667 | V78: =VLOOKUP(B78, 'Input - Vessel List'!$B$2:$M$15, 11,0) -> 11.72093 | W78: =VLOOKUP(B78, 'Input - Vessel List'!$B$2:$M$15, 12,0) -> 0.98455814 | X78: =((R78*L78*V78)+(R78*L78*W78))*-1 -> -328609.67 | Y78: =S78*O78*W78*2*-1 -> -15710.594 | Z78: =T78*O78*W78*-1 -> -581.87386 | AA78: =SUM(X78:Z78) -> -344902.14 | AB78: =2.05*F78*-1*2 -> -123000 | AC78: =(9.65*5000+7.37*5000+5.83*10000+2.13*12241)*-1 -> -169473.33 | AD78: =VLOOKUP(B78,'Input - Vessel List'!B:C,2,0) -> 12000 | AE78: =AD78*U78*-1 -> -789800 | AF78: =AA78+AB78+AE78+AC78 -> -1427175.5 | AG78: =AF78/F78*-1 -> 47.572516
A79: 78 | B79: Handysize | C79: Bontang | D79: Tanzania | E79: Dar es Salaam | F79: 30000 | G79: 5000 | H79: =200*20 -> 4000 | I79: 1 | J79: 0 | K79: VLSFO | L79: =IF(K79 ="VLSFO", $N$2,$O$2) -> 504 | M79: Singapore | N79: =VLOOKUP(M79, 'Input - Bunker'!$A$2:$C$5,2,0) -> 504 | O79: =VLOOKUP(M79, 'Input - Bunker'!$A$2:$C$5,3,0) -> 591 | P79: ='Input - OD Intl'!H25 -> 4905 | Q79: =VLOOKUP(B79, 'Input - Vessel List'!$B$2:$K$11, 7,0) -> 10 | R79: =P79*2/(Q79*24) -> 40.875 | S79: =(F79/G79)+(F79/H79) -> 13.5 | T79: =I79+J79 -> 1 | U79: =SUM(R79:T79) -> 55.375 | V79: =VLOOKUP(B79, 'Input - Vessel List'!$B$2:$M$15, 11,0) -> 11.72093 | W79: =VLOOKUP(B79, 'Input - Vessel List'!$B$2:$M$15, 12,0) -> 0.98455814 | X79: =((R79*L79*V79)+(R79*L79*W79))*-1 -> -261745.77 | Y79: =S79*O79*W79*2*-1 -> -15710.594 | Z79: =T79*O79*W79*-1 -> -581.87386 | AA79: =SUM(X79:Z79) -> -278038.23 | AB79: =2.05*F79*-1*2 -> -123000 | AD79: =VLOOKUP(B79,'Input - Vessel List'!B:C,2,0) -> 12000 | AE79: =AD79*U79*-1 -> -664500 | AF79: =AA79+AB79+AE79+AC79 -> -1065538.2 | AG79: =AF79/F79*-1 -> 35.517941
A80: 79 | B80: Handysize | C80: Bontang | D80: Ghana | E80: Tema | F80: 30000 | G80: 5000 | H80: =200*20 -> 4000 | I80: 1 | J80: 0 | K80: VLSFO | L80: =IF(K80 ="VLSFO", $N$2,$O$2) -> 504 | M80: Singapore | N80: =VLOOKUP(M80, 'Input - Bunker'!$A$2:$C$5,2,0) -> 504 | O80: =VLOOKUP(M80, 'Input - Bunker'!$A$2:$C$5,3,0) -> 591 | P80: ='Input - OD Intl'!H26 -> 8632 | Q80: =VLOOKUP(B80, 'Input - Vessel List'!$B$2:$K$11, 7,0) -> 10 | R80: =P80*2/(Q80*24) -> 71.933333 | S80: =(F80/G80)+(F80/H80) -> 13.5 | T80: =I80+J80 -> 1 | U80: =SUM(R80:T80) -> 86.433333 | V80: =VLOOKUP(B80, 'Input - Vessel List'!$B$2:$M$15, 11,0) -> 11.72093 | W80: =VLOOKUP(B80, 'Input - Vessel List'!$B$2:$M$15, 12,0) -> 0.98455814 | X80: =((R80*L80*V80)+(R80*L80*W80))*-1 -> -460629.86 | Y80: =S80*O80*W80*2*-1 -> -15710.594 | Z80: =T80*O80*W80*-1 -> -581.87386 | AA80: =SUM(X80:Z80) -> -476922.33 | AB80: =2.05*F80*-1*2 -> -123000 | AD80: =VLOOKUP(B80,'Input - Vessel List'!B:C,2,0) -> 12000 | AE80: =AD80*U80*-1 -> -1037200 | AF80: =AA80+AB80+AE80+AC80 -> -1637122.3 | AG80: =AF80/F80*-1 -> 54.570744
A81: 80 | B81: Handy SR | C81: Bontang | D81: Jepang | E81: Niihama | F81: 15000 | G81: =200*24 -> 4800 | H81: =200*24 -> 4800 | I81: 1 | J81: 0 | K81: VLSFO | L81: =IF(K81 ="VLSFO", $N$2,$O$2) -> 504 | M81: Singapore | N81: =VLOOKUP(M81, 'Input - Bunker'!$A$2:$C$5,2,0) -> 504 | O81: =VLOOKUP(M81, 'Input - Bunker'!$A$2:$C$5,3,0) -> 591 | P81: ='Input - OD Intl'!H27 -> 2408 | Q81: =VLOOKUP(B81, 'Input - Vessel List'!$B$2:$K$11, 7,0) -> 10 | R81: =P81*2/(Q81*24) -> 20.066667 | S81: =(F81/G81)+(F81/H81) -> 6.25 | T81: =I81+J81 -> 1 | U81: =SUM(R81:T81) -> 27.316667 | V81: =VLOOKUP(B81, 'Input - Vessel List'!$B$2:$M$15, 11,0) -> 11.72093 | W81: =VLOOKUP(B81, 'Input - Vessel List'!$B$2:$M$15, 12,0) -> 1.5237209 | X81: =((R81*L81*V81)+(R81*L81*W81))*-1 -> -133951.1 | Y81: =S81*O81*W81*2*-1 -> -11256.488 | Z81: =T81*O81*W81*-1 -> -900.51907 | AA81: =SUM(X81:Z81) -> -146108.11 | AB81: =2.05*F81*-1*2 -> -61500 | AD81: =VLOOKUP(B81,'Input - Vessel List'!B:C,2,0) -> 25809 | AE81: =AD81*U81*-1 -> -705015.85 | AF81: =AA81+AB81+AE81+AC81 -> -912623.96 | AG81: =AF81/F81*-1 -> 60.841597
A82: 81 | B82: Handy SR | C82: Bontang | D82: South Korea | E82: Busan | F82: 15000 | G82: =200*24 -> 4800 | H82: =200*24 -> 4800 | I82: 1 | J82: 0 | K82: VLSFO | L82: =IF(K82 ="VLSFO", $N$2,$O$2) -> 504 | M82: Singapore | N82: =VLOOKUP(M82, 'Input - Bunker'!$A$2:$C$5,2,0) -> 504 | O82: =VLOOKUP(M82, 'Input - Bunker'!$A$2:$C$5,3,0) -> 591 | P82: ='Input - OD Intl'!H28 -> 2289 | Q82: =VLOOKUP(B82, 'Input - Vessel List'!$B$2:$K$11, 7,0) -> 10 | R82: =P82*2/(Q82*24) -> 19.075 | S82: =(F82/G82)+(F82/H82) -> 6.25 | T82: =I82+J82 -> 1 | U82: =SUM(R82:T82) -> 26.325 | V82: =VLOOKUP(B82, 'Input - Vessel List'!$B$2:$M$15, 11,0) -> 11.72093 | W82: =VLOOKUP(B82, 'Input - Vessel List'!$B$2:$M$15, 12,0) -> 1.5237209 | X82: =((R82*L82*V82)+(R82*L82*W82))*-1 -> -127331.43 | Y82: =S82*O82*W82*2*-1 -> -11256.488 | Z82: =T82*O82*W82*-1 -> -900.51907 | AA82: =SUM(X82:Z82) -> -139488.43 | AB82: =2.05*F82*-1*2 -> -61500 | AD82: =VLOOKUP(B82,'Input - Vessel List'!B:C,2,0) -> 25809 | AE82: =AD82*U82*-1 -> -679421.92 | AF82: =AA82+AB82+AE82+AC82 -> -880410.36 | AG82: =AF82/F82*-1 -> 58.694024
A83: 82 | B83: Handy SR | C83: Bontang | D83: China | E83: Zhoushan | F83: 15000 | G83: =200*24 -> 4800 | H83: =200*24 -> 4800 | I83: 1 | J83: 0 | K83: VLSFO | L83: =IF(K83 ="VLSFO", $N$2,$O$2) -> 504 | M83: Singapore | N83: =VLOOKUP(M83, 'Input - Bunker'!$A$2:$C$5,2,0) -> 504 | O83: =VLOOKUP(M83, 'Input - Bunker'!$A$2:$C$5,3,0) -> 591 | P83: ='Input - OD Intl'!H29 -> 1895 | Q83: =VLOOKUP(B83, 'Input - Vessel List'!$B$2:$K$11, 7,0) -> 10 | R83: =P83*2/(Q83*24) -> 15.791667 | S83: =(F83/G83)+(F83/H83) -> 6.25 | T83: =I83+J83 -> 1 | U83: =SUM(R83:T83) -> 23.041667 | V83: =VLOOKUP(B83, 'Input - Vessel List'!$B$2:$M$15, 11,0) -> 11.72093 | W83: =VLOOKUP(B83, 'Input - Vessel List'!$B$2:$M$15, 12,0) -> 1.5237209 | X83: =((R83*L83*V83)+(R83*L83*W83))*-1 -> -105414.18 | Y83: =S83*O83*W83*2*-1 -> -11256.488 | Z83: =T83*O83*W83*-1 -> -900.51907 | AA83: =SUM(X83:Z83) -> -117571.19 | AB83: =2.05*F83*-1*2 -> -61500 | AD83: =VLOOKUP(B83,'Input - Vessel List'!B:C,2,0) -> 25809 | AE83: =AD83*U83*-1 -> -594682.37 | AF83: =AA83+AB83+AE83+AC83 -> -773753.56 | AG83: =AF83/F83*-1 -> 51.583571
A84: 83 | B84: Handy SR | C84: Bontang | D84: Australia | E84: Gladstone | F84: 15000 | G84: =200*24 -> 4800 | H84: =200*24 -> 4800 | I84: 1 | J84: 0 | K84: VLSFO | L84: =IF(K84 ="VLSFO", $N$2,$O$2) -> 504 | M84: Singapore | N84: =VLOOKUP(M84, 'Input - Bunker'!$A$2:$C$5,2,0) -> 504 | O84: =VLOOKUP(M84, 'Input - Bunker'!$A$2:$C$5,3,0) -> 591 | P84: ='Input - OD Intl'!H30 -> 2015 | Q84: =VLOOKUP(B84, 'Input - Vessel List'!$B$2:$K$11, 7,0) -> 10 | R84: =P84*2/(Q84*24) -> 16.791667 | S84: =(F84/G84)+(F84/H84) -> 6.25 | T84: =I84+J84 -> 1 | U84: =SUM(R84:T84) -> 24.041667 | V84: =VLOOKUP(B84, 'Input - Vessel List'!$B$2:$M$15, 11,0) -> 11.72093 | W84: =VLOOKUP(B84, 'Input - Vessel List'!$B$2:$M$15, 12,0) -> 1.5237209 | X84: =((R84*L84*V84)+(R84*L84*W84))*-1 -> -112089.48 | Y84: =S84*O84*W84*2*-1 -> -11256.488 | Z84: =T84*O84*W84*-1 -> -900.51907 | AA84: =SUM(X84:Z84) -> -124246.49 | AB84: =2.05*F84*-1*2 -> -61500 | AD84: =VLOOKUP(B84,'Input - Vessel List'!B:C,2,0) -> 25809 | AE84: =AD84*U84*-1 -> -620491.38 | AF84: =AA84+AB84+AE84+AC84 -> -806237.87 | AG84: =AF84/F84*-1 -> 53.749191
A85: 84 | B85: Handy SR | C85: Bontang | D85: WC-India | E85: Tuticorin | F85: 15000 | G85: =200*24 -> 4800 | H85: =200*24 -> 4800 | I85: 1 | J85: 0 | K85: VLSFO | L85: =IF(K85 ="VLSFO", $N$2,$O$2) -> 504 | M85: Singapore | N85: =VLOOKUP(M85, 'Input - Bunker'!$A$2:$C$5,2,0) -> 504 | O85: =VLOOKUP(M85, 'Input - Bunker'!$A$2:$C$5,3,0) -> 591 | P85: ='Input - OD Intl'!H31 -> 2855 | Q85: =VLOOKUP(B85, 'Input - Vessel List'!$B$2:$K$11, 7,0) -> 10 | R85: =P85*2/(Q85*24) -> 23.791667 | S85: =(F85/G85)+(F85/H85) -> 6.25 | T85: =I85+J85 -> 1 | U85: =SUM(R85:T85) -> 31.041667 | V85: =VLOOKUP(B85, 'Input - Vessel List'!$B$2:$M$15, 11,0) -> 11.72093 | W85: =VLOOKUP(B85, 'Input - Vessel List'!$B$2:$M$15, 12,0) -> 1.5237209 | X85: =((R85*L85*V85)+(R85*L85*W85))*-1 -> -158816.61 | Y85: =S85*O85*W85*2*-1 -> -11256.488 | Z85: =T85*O85*W85*-1 -> -900.51907 | AA85: =SUM(X85:Z85) -> -170973.62 | AB85: =2.05*F85*-1*2 -> -61500 | AD85: =VLOOKUP(B85,'Input - Vessel List'!B:C,2,0) -> 25809 | AE85: =AD85*U85*-1 -> -801154.38 | AF85: =AA85+AB85+AE85+AC85 -> -1033628 | AG85: =AF85/F85*-1 -> 68.908533
A86: 85 | B86: Handy SR | C86: Bontang | D86: Myanmar | E86: Yangon | F86: 15000 | G86: =200*24 -> 4800 | H86: =200*24 -> 4800 | I86: 1 | J86: 0 | K86: VLSFO | L86: =IF(K86 ="VLSFO", $N$2,$O$2) -> 504 | M86: Singapore | N86: =VLOOKUP(M86, 'Input - Bunker'!$A$2:$C$5,2,0) -> 504 | O86: =VLOOKUP(M86, 'Input - Bunker'!$A$2:$C$5,3,0) -> 591 | P86: ='Input - OD Intl'!H32 -> 2234 | Q86: =VLOOKUP(B86, 'Input - Vessel List'!$B$2:$K$11, 7,0) -> 10 | R86: =P86*2/(Q86*24) -> 18.616667 | S86: =(F86/G86)+(F86/H86) -> 6.25 | T86: =I86+J86 -> 1 | U86: =SUM(R86:T86) -> 25.866667 | V86: =VLOOKUP(B86, 'Input - Vessel List'!$B$2:$M$15, 11,0) -> 11.72093 | W86: =VLOOKUP(B86, 'Input - Vessel List'!$B$2:$M$15, 12,0) -> 1.5237209 | X86: =((R86*L86*V86)+(R86*L86*W86))*-1 -> -124271.91 | Y86: =S86*O86*W86*2*-1 -> -11256.488 | Z86: =T86*O86*W86*-1 -> -900.51907 | AA86: =SUM(X86:Z86) -> -136428.92 | AB86: =2.05*F86*-1*2 -> -61500 | AD86: =VLOOKUP(B86,'Input - Vessel List'!B:C,2,0) -> 25809 | AE86: =AD86*U86*-1 -> -667592.8 | AF86: =AA86+AB86+AE86+AC86 -> -865521.72 | AG86: =AF86/F86*-1 -> 57.701448
A87: 86 | B87: Handy SR | C87: Bontang | D87: Thailand | E87: Bangkok | F87: 15000 | G87: =200*24 -> 4800 | H87: =200*24 -> 4800 | I87: 1 | J87: 0 | K87: VLSFO | L87: =IF(K87 ="VLSFO", $N$2,$O$2) -> 504 | M87: Singapore | N87: =VLOOKUP(M87, 'Input - Bunker'!$A$2:$C$5,2,0) -> 504 | O87: =VLOOKUP(M87, 'Input - Bunker'!$A$2:$C$5,3,0) -> 591 | P87: ='Input - OD Intl'!H33 -> 1751 | Q87: =VLOOKUP(B87, 'Input - Vessel List'!$B$2:$K$11, 7,0) -> 10 | R87: =P87*2/(Q87*24) -> 14.591667 | S87: =(F87/G87)+(F87/H87) -> 6.25 | T87: =I87+J87 -> 1 | U87: =SUM(R87:T87) -> 21.841667 | V87: =VLOOKUP(B87, 'Input - Vessel List'!$B$2:$M$15, 11,0) -> 11.72093 | W87: =VLOOKUP(B87, 'Input - Vessel List'!$B$2:$M$15, 12,0) -> 1.5237209 | X87: =((R87*L87*V87)+(R87*L87*W87))*-1 -> -97403.814 | Y87: =S87*O87*W87*2*-1 -> -11256.488 | Z87: =T87*O87*W87*-1 -> -900.51907 | AA87: =SUM(X87:Z87) -> -109560.82 | AB87: =2.05*F87*-1*2 -> -61500 | AD87: =VLOOKUP(B87,'Input - Vessel List'!B:C,2,0) -> 25809 | AE87: =AD87*U87*-1 -> -563711.58 | AF87: =AA87+AB87+AE87+AC87 -> -734772.4 | AG87: =AF87/F87*-1 -> 48.984826
A88: 87 | B88: Handy SR | C88: Bontang | D88: Taiwan | E88: Taichung | F88: 15000 | G88: =200*24 -> 4800 | H88: =200*24 -> 4800 | I88: 1 | J88: 0 | K88: VLSFO | L88: =IF(K88 ="VLSFO", $N$2,$O$2) -> 504 | M88: Singapore | N88: =VLOOKUP(M88, 'Input - Bunker'!$A$2:$C$5,2,0) -> 504 | O88: =VLOOKUP(M88, 'Input - Bunker'!$A$2:$C$5,3,0) -> 591 | P88: ='Input - OD Intl'!H34 -> 1153 | Q88: =VLOOKUP(B88, 'Input - Vessel List'!$B$2:$K$11, 7,0) -> 10 | R88: =P88*2/(Q88*24) -> 9.6083333 | S88: =(F88/G88)+(F88/H88) -> 6.25 | T88: =I88+J88 -> 1 | U88: =SUM(R88:T88) -> 16.858333 | V88: =VLOOKUP(B88, 'Input - Vessel List'!$B$2:$M$15, 11,0) -> 11.72093 | W88: =VLOOKUP(B88, 'Input - Vessel List'!$B$2:$M$15, 12,0) -> 1.5237209 | X88: =((R88*L88*V88)+(R88*L88*W88))*-1 -> -64138.548 | Y88: =S88*O88*W88*2*-1 -> -11256.488 | Z88: =T88*O88*W88*-1 -> -900.51907 | AA88: =SUM(X88:Z88) -> -76295.555 | AB88: =2.05*F88*-1*2 -> -61500 | AD88: =VLOOKUP(B88,'Input - Vessel List'!B:C,2,0) -> 25809 | AE88: =AD88*U88*-1 -> -435096.73 | AF88: =AA88+AB88+AE88+AC88 -> -572892.28 | AG88: =AF88/F88*-1 -> 38.192819
A89: 88 | B89: Handysize | C89: Lhokseumawe | D89: Philippines | E89: Davao | F89: 30000 | G89: 4000 | H89: =200*20 -> 4000 | I89: 1 | J89: 0 | K89: VLSFO | L89: =IF(K89 ="VLSFO", $N$2,$O$2) -> 504 | M89: Singapore | N89: =VLOOKUP(M89, 'Input - Bunker'!$A$2:$C$5,2,0) -> 504 | O89: =VLOOKUP(M89, 'Input - Bunker'!$A$2:$C$5,3,0) -> 591 | P89: ='Input - OD Intl'!I6 -> 1539 | Q89: =VLOOKUP(B89, 'Input - Vessel List'!$B$2:$K$11, 7,0) -> 10 | R89: =P89*2/(Q89*24) -> 12.825 | S89: =(F89/G89)+(F89/H89) -> 15 | T89: =I89+J89 -> 1 | U89: =SUM(R89:T89) -> 28.825 | V89: =VLOOKUP(B89, 'Input - Vessel List'!$B$2:$M$15, 11,0) -> 11.72093 | W89: =VLOOKUP(B89, 'Input - Vessel List'!$B$2:$M$15, 12,0) -> 0.98455814 | X89: =((R89*L89*V89)+(R89*L89*W89))*-1 -> -82125.736 | Y89: =S89*O89*W89*2*-1 -> -17456.216 | Z89: =T89*O89*W89*-1 -> -581.87386 | AA89: =SUM(X89:Z89) -> -100163.83 | AB89: =2.05*F89*-1*2 -> -123000 | AD89: =VLOOKUP(B89,'Input - Vessel List'!B:C,2,0) -> 12000 | AE89: =AD89*U89*-1 -> -345900 | AF89: =AA89+AB89+AE89+AC89 -> -569063.83 | AG89: =AF89/F89*-1 -> 18.968794
A90: 89 | B90: Handysize | C90: Lhokseumawe | D90: Thailand | E90: Bangkok | F90: 30000 | G90: 4000 | H90: =200*20 -> 4000 | I90: 1 | J90: 0 | K90: VLSFO | L90: =IF(K90 ="VLSFO", $N$2,$O$2) -> 504 | M90: Singapore | N90: =VLOOKUP(M90, 'Input - Bunker'!$A$2:$C$5,2,0) -> 504 | O90: =VLOOKUP(M90, 'Input - Bunker'!$A$2:$C$5,3,0) -> 591 | P90: ='Input - OD Intl'!I7 -> 1321 | Q90: =VLOOKUP(B90, 'Input - Vessel List'!$B$2:$K$11, 7,0) -> 10 | R90: =P90*2/(Q90*24) -> 11.008333 | S90: =(F90/G90)+(F90/H90) -> 15 | T90: =I90+J90 -> 1 | U90: =SUM(R90:T90) -> 27.008333 | V90: =VLOOKUP(B90, 'Input - Vessel List'!$B$2:$M$15, 11,0) -> 11.72093 | W90: =VLOOKUP(B90, 'Input - Vessel List'!$B$2:$M$15, 12,0) -> 0.98455814 | X90: =((R90*L90*V90)+(R90*L90*W90))*-1 -> -70492.591 | Y90: =S90*O90*W90*2*-1 -> -17456.216 | Z90: =T90*O90*W90*-1 -> -581.87386 | AA90: =SUM(X90:Z90) -> -88530.68 | AB90: =2.05*F90*-1*2 -> -123000 | AD90: =VLOOKUP(B90,'Input - Vessel List'!B:C,2,0) -> 12000 | AE90: =AD90*U90*-1 -> -324100 | AF90: =AA90+AB90+AE90+AC90 -> -535630.68 | AG90: =AF90/F90*-1 -> 17.854356
A91: 90 | B91: Handysize | C91: Lhokseumawe | D91: Vietnam | E91: Hai Phong | F91: 30000 | G91: 4000 | H91: =200*20 -> 4000 | I91: 1 | J91: 0 | K91: VLSFO | L91: =IF(K91 ="VLSFO", $N$2,$O$2) -> 504 | M91: Singapore | N91: =VLOOKUP(M91, 'Input - Bunker'!$A$2:$C$5,2,0) -> 504 | O91: =VLOOKUP(M91, 'Input - Bunker'!$A$2:$C$5,3,0) -> 591 | P91: ='Input - OD Intl'!I8 -> 1790 | Q91: =VLOOKUP(B91, 'Input - Vessel List'!$B$2:$K$11, 7,0) -> 10 | R91: =P91*2/(Q91*24) -> 14.916667 | S91: =(F91/G91)+(F91/H91) -> 15 | T91: =I91+J91 -> 1 | U91: =SUM(R91:T91) -> 30.916667 | V91: =VLOOKUP(B91, 'Input - Vessel List'!$B$2:$M$15, 11,0) -> 11.72093 | W91: =VLOOKUP(B91, 'Input - Vessel List'!$B$2:$M$15, 12,0) -> 0.98455814 | X91: =((R91*L91*V91)+(R91*L91*W91))*-1 -> -95519.862 | Y91: =S91*O91*W91*2*-1 -> -17456.216 | Z91: =T91*O91*W91*-1 -> -581.87386 | AA91: =SUM(X91:Z91) -> -113557.95 | AB91: =2.05*F91*-1*2 -> -123000 | AD91: =VLOOKUP(B91,'Input - Vessel List'!B:C,2,0) -> 12000 | AE91: =AD91*U91*-1 -> -371000 | AF91: =AA91+AB91+AE91+AC91 -> -607557.95 | AG91: =AF91/F91*-1 -> 20.251932
A92: 91 | B92: Handysize | C92: Lhokseumawe | D92: Jepang | E92: Nagoya | F92: 30000 | G92: 4000 | H92: =200*20 -> 4000 | I92: 1 | J92: 0 | K92: VLSFO | L92: =IF(K92 ="VLSFO", $N$2,$O$2) -> 504 | M92: Singapore | N92: =VLOOKUP(M92, 'Input - Bunker'!$A$2:$C$5,2,0) -> 504 | O92: =VLOOKUP(M92, 'Input - Bunker'!$A$2:$C$5,3,0) -> 591 | P92: ='Input - OD Intl'!I9 -> 3265 | Q92: =VLOOKUP(B92, 'Input - Vessel List'!$B$2:$K$11, 7,0) -> 10 | R92: =P92*2/(Q92*24) -> 27.208333 | S92: =(F92/G92)+(F92/H92) -> 15 | T92: =I92+J92 -> 1 | U92: =SUM(R92:T92) -> 43.208333 | V92: =VLOOKUP(B92, 'Input - Vessel List'!$B$2:$M$15, 11,0) -> 11.72093 | W92: =VLOOKUP(B92, 'Input - Vessel List'!$B$2:$M$15, 12,0) -> 0.98455814 | X92: =((R92*L92*V92)+(R92*L92*W92))*-1 -> -174230.36 | Y92: =S92*O92*W92*2*-1 -> -17456.216 | Z92: =T92*O92*W92*-1 -> -581.87386 | AA92: =SUM(X92:Z92) -> -192268.45 | AB92: =2.05*F92*-1*2 -> -123000 | AD92: =VLOOKUP(B92,'Input - Vessel List'!B:C,2,0) -> 12000 | AE92: =AD92*U92*-1 -> -518500 | AF92: =AA92+AB92+AE92+AC92 -> -833768.45 | AG92: =AF92/F92*-1 -> 27.792282
A93: 92 | B93: Handysize | C93: Lhokseumawe | D93: Taiwan | E93: Taichung | F93: 30000 | G93: 4000 | H93: =200*20 -> 4000 | I93: 1 | J93: 0 | K93: VLSFO | L93: =IF(K93 ="VLSFO", $N$2,$O$2) -> 504 | M93: Singapore | N93: =VLOOKUP(M93, 'Input - Bunker'!$A$2:$C$5,2,0) -> 504 | O93: =VLOOKUP(M93, 'Input - Bunker'!$A$2:$C$5,3,0) -> 591 | P93: ='Input - OD Intl'!I10 -> 2188 | Q93: =VLOOKUP(B93, 'Input - Vessel List'!$B$2:$K$11, 7,0) -> 10 | R93: =P93*2/(Q93*24) -> 18.233333 | S93: =(F93/G93)+(F93/H93) -> 15 | T93: =I93+J93 -> 1 | U93: =SUM(R93:T93) -> 34.233333 | V93: =VLOOKUP(B93, 'Input - Vessel List'!$B$2:$M$15, 11,0) -> 11.72093 | W93: =VLOOKUP(B93, 'Input - Vessel List'!$B$2:$M$15, 12,0) -> 0.98455814 | X93: =((R93*L93*V93)+(R93*L93*W93))*-1 -> -116758.36 | Y93: =S93*O93*W93*2*-1 -> -17456.216 | Z93: =T93*O93*W93*-1 -> -581.87386 | AA93: =SUM(X93:Z93) -> -134796.45 | AB93: =2.05*F93*-1*2 -> -123000 | AD93: =VLOOKUP(B93,'Input - Vessel List'!B:C,2,0) -> 12000 | AE93: =AD93*U93*-1 -> -410800 | AF93: =AA93+AB93+AE93+AC93 -> -668596.45 | AG93: =AF93/F93*-1 -> 22.286548
A94: 93 | B94: Handysize | C94: Lhokseumawe | D94: WC-India | E94: Mundra | F94: 30000 | G94: 4000 | H94: =200*20 -> 4000 | I94: 1 | J94: 0 | K94: VLSFO | L94: =IF(K94 ="VLSFO", $N$2,$O$2) -> 504 | M94: Singapore | N94: =VLOOKUP(M94, 'Input - Bunker'!$A$2:$C$5,2,0) -> 504 | O94: =VLOOKUP(M94, 'Input - Bunker'!$A$2:$C$5,3,0) -> 591 | P94: ='Input - OD Intl'!I11 -> 2277 | Q94: =VLOOKUP(B94, 'Input - Vessel List'!$B$2:$K$11, 7,0) -> 10 | R94: =P94*2/(Q94*24) -> 18.975 | S94: =(F94/G94)+(F94/H94) -> 15 | T94: =I94+J94 -> 1 | U94: =SUM(R94:T94) -> 34.975 | V94: =VLOOKUP(B94, 'Input - Vessel List'!$B$2:$M$15, 11,0) -> 11.72093 | W94: =VLOOKUP(B94, 'Input - Vessel List'!$B$2:$M$15, 12,0) -> 0.98455814 | X94: =((R94*L94*V94)+(R94*L94*W94))*-1 -> -121507.67 | Y94: =S94*O94*W94*2*-1 -> -17456.216 | Z94: =T94*O94*W94*-1 -> -581.87386 | AA94: =SUM(X94:Z94) -> -139545.76 | AB94: =2.05*F94*-1*2 -> -123000 | AD94: =VLOOKUP(B94,'Input - Vessel List'!B:C,2,0) -> 12000 | AE94: =AD94*U94*-1 -> -419700 | AF94: =AA94+AB94+AE94+AC94 -> -682245.76 | AG94: =AF94/F94*-1 -> 22.741525
A95: 94 | B95: Handysize | C95: Lhokseumawe | D95: Australia | E95: Geelong | F95: 30000 | G95: 4000 | H95: =200*20 -> 4000 | I95: 1 | J95: 0 | K95: VLSFO | L95: =IF(K95 ="VLSFO", $N$2,$O$2) -> 504 | M95: Singapore | N95: =VLOOKUP(M95, 'Input - Bunker'!$A$2:$C$5,2,0) -> 504 | O95: =VLOOKUP(M95, 'Input - Bunker'!$A$2:$C$5,3,0) -> 591 | P95: ='Input - OD Intl'!I12 -> 4328 | Q95: =VLOOKUP(B95, 'Input - Vessel List'!$B$2:$K$11, 7,0) -> 10 | R95: =P95*2/(Q95*24) -> 36.066667 | S95: =(F95/G95)+(F95/H95) -> 15 | T95: =I95+J95 -> 1 | U95: =SUM(R95:T95) -> 52.066667 | V95: =VLOOKUP(B95, 'Input - Vessel List'!$B$2:$M$15, 11,0) -> 11.72093 | W95: =VLOOKUP(B95, 'Input - Vessel List'!$B$2:$M$15, 12,0) -> 0.98455814 | X95: =((R95*L95*V95)+(R95*L95*W95))*-1 -> -230955.29 | Y95: =S95*O95*W95*2*-1 -> -17456.216 | Z95: =T95*O95*W95*-1 -> -581.87386 | AA95: =SUM(X95:Z95) -> -248993.38 | AB95: =2.05*F95*-1*2 -> -123000 | AD95: =VLOOKUP(B95,'Input - Vessel List'!B:C,2,0) -> 12000 | AE95: =AD95*U95*-1 -> -624800 | AF95: =AA95+AB95+AE95+AC95 -> -996793.38 | AG95: =AF95/F95*-1 -> 33.226446
A96: 95 | B96: Handysize | C96: Lhokseumawe | D96: North Afrika | E96: Jorf Lasfar | F96: 30000 | G96: 4000 | H96: =200*20 -> 4000 | I96: 1 | J96: 0 | K96: VLSFO | L96: =IF(K96 ="VLSFO", $N$2,$O$2) -> 504 | M96: Singapore | N96: =VLOOKUP(M96, 'Input - Bunker'!$A$2:$C$5,2,0) -> 504 | O96: =VLOOKUP(M96, 'Input - Bunker'!$A$2:$C$5,3,0) -> 591 | P96: ='Input - OD Intl'!I13 -> 6697 | Q96: =VLOOKUP(B96, 'Input - Vessel List'!$B$2:$K$11, 7,0) -> 10 | R96: =P96*2/(Q96*24) -> 55.808333 | S96: =(F96/G96)+(F96/H96) -> 15 | T96: =I96+J96 -> 1 | U96: =SUM(R96:T96) -> 71.808333 | V96: =VLOOKUP(B96, 'Input - Vessel List'!$B$2:$M$15, 11,0) -> 11.72093 | W96: =VLOOKUP(B96, 'Input - Vessel List'!$B$2:$M$15, 12,0) -> 0.98455814 | X96: =((R96*L96*V96)+(R96*L96*W96))*-1 -> -357372.35 | Y96: =S96*O96*W96*2*-1 -> -17456.216 | Z96: =T96*O96*W96*-1 -> -581.87386 | AA96: =SUM(X96:Z96) -> -375410.44 | AB96: =2.05*F96*-1*2 -> -123000 | AD96: =VLOOKUP(B96,'Input - Vessel List'!B:C,2,0) -> 12000 | AE96: =AD96*U96*-1 -> -861700 | AF96: =AA96+AB96+AE96+AC96 -> -1360110.4 | AG96: =AF96/F96*-1 -> 45.337015
A97: 96 | B97: Handysize | C97: Lhokseumawe | D97: Brazil | E97: Santos | F97: 30000 | G97: 4000 | H97: =200*20 -> 4000 | I97: 1 | J97: 0 | K97: VLSFO | L97: =IF(K97 ="VLSFO", $N$2,$O$2) -> 504 | M97: Singapore | N97: =VLOOKUP(M97, 'Input - Bunker'!$A$2:$C$5,2,0) -> 504 | O97: =VLOOKUP(M97, 'Input - Bunker'!$A$2:$C$5,3,0) -> 591 | P97: ='Input - OD Intl'!I14 -> 8494 | Q97: =VLOOKUP(B97, 'Input - Vessel List'!$B$2:$K$11, 7,0) -> 10 | R97: =P97*2/(Q97*24) -> 70.783333 | S97: =(F97/G97)+(F97/H97) -> 15 | T97: =I97+J97 -> 1 | U97: =SUM(R97:T97) -> 86.783333 | V97: =VLOOKUP(B97, 'Input - Vessel List'!$B$2:$M$15, 11,0) -> 11.72093 | W97: =VLOOKUP(B97, 'Input - Vessel List'!$B$2:$M$15, 12,0) -> 0.98455814 | X97: =((R97*L97*V97)+(R97*L97*W97))*-1 -> -453265.76 | Y97: =S97*O97*W97*2*-1 -> -17456.216 | Z97: =T97*O97*W97*-1 -> -581.87386 | AA97: =SUM(X97:Z97) -> -471303.85 | AB97: =2.05*F97*-1*2 -> -123000 | AD97: =VLOOKUP(B97,'Input - Vessel List'!B:C,2,0) -> 12000 | AE97: =AD97*U97*-1 -> -1041400 | AF97: =AA97+AB97+AE97+AC97 -> -1635703.8 | AG97: =AF97/F97*-1 -> 54.523462
A98: 97 | B98: Handysize | C98: Lhokseumawe | D98: Philippine | E98: Davao | F98: 30000 | G98: 4000 | H98: =200*20 -> 4000 | I98: 1 | J98: 0 | K98: VLSFO | L98: =IF(K98 ="VLSFO", $N$2,$O$2) -> 504 | M98: Singapore | N98: =VLOOKUP(M98, 'Input - Bunker'!$A$2:$C$5,2,0) -> 504 | O98: =VLOOKUP(M98, 'Input - Bunker'!$A$2:$C$5,3,0) -> 591 | P98: ='Input - OD Intl'!I15 -> 1539 | Q98: =VLOOKUP(B98, 'Input - Vessel List'!$B$2:$K$11, 7,0) -> 10 | R98: =P98*2/(Q98*24) -> 12.825 | S98: =(F98/G98)+(F98/H98) -> 15 | T98: =I98+J98 -> 1 | U98: =SUM(R98:T98) -> 28.825 | V98: =VLOOKUP(B98, 'Input - Vessel List'!$B$2:$M$15, 11,0) -> 11.72093 | W98: =VLOOKUP(B98, 'Input - Vessel List'!$B$2:$M$15, 12,0) -> 0.98455814 | X98: =((R98*L98*V98)+(R98*L98*W98))*-1 -> -82125.736 | Y98: =S98*O98*W98*2*-1 -> -17456.216 | Z98: =T98*O98*W98*-1 -> -581.87386 | AA98: =SUM(X98:Z98) -> -100163.83 | AB98: =2.05*F98*-1*2 -> -123000 | AD98: =VLOOKUP(B98,'Input - Vessel List'!B:C,2,0) -> 12000 | AE98: =AD98*U98*-1 -> -345900 | AF98: =AA98+AB98+AE98+AC98 -> -569063.83 | AG98: =AF98/F98*-1 -> 18.968794
A99: 98 | B99: Handysize | C99: Lhokseumawe | D99: Thailand | E99: Bangkok | F99: 30000 | G99: 4000 | H99: =200*20 -> 4000 | I99: 1 | J99: 0 | K99: VLSFO | L99: =IF(K99 ="VLSFO", $N$2,$O$2) -> 504 | M99: Singapore | N99: =VLOOKUP(M99, 'Input - Bunker'!$A$2:$C$5,2,0) -> 504 | O99: =VLOOKUP(M99, 'Input - Bunker'!$A$2:$C$5,3,0) -> 591 | P99: ='Input - OD Intl'!I16 -> 1321 | Q99: =VLOOKUP(B99, 'Input - Vessel List'!$B$2:$K$11, 7,0) -> 10 | R99: =P99*2/(Q99*24) -> 11.008333 | S99: =(F99/G99)+(F99/H99) -> 15 | T99: =I99+J99 -> 1 | U99: =SUM(R99:T99) -> 27.008333 | V99: =VLOOKUP(B99, 'Input - Vessel List'!$B$2:$M$15, 11,0) -> 11.72093 | W99: =VLOOKUP(B99, 'Input - Vessel List'!$B$2:$M$15, 12,0) -> 0.98455814 | X99: =((R99*L99*V99)+(R99*L99*W99))*-1 -> -70492.591 | Y99: =S99*O99*W99*2*-1 -> -17456.216 | Z99: =T99*O99*W99*-1 -> -581.87386 | AA99: =SUM(X99:Z99) -> -88530.68 | AB99: =2.05*F99*-1*2 -> -123000 | AD99: =VLOOKUP(B99,'Input - Vessel List'!B:C,2,0) -> 12000 | AE99: =AD99*U99*-1 -> -324100 | AF99: =AA99+AB99+AE99+AC99 -> -535630.68 | AG99: =AF99/F99*-1 -> 17.854356
A100: 99 | B100: Handysize | C100: Lhokseumawe | D100: Vietnam | E100: Hai Phong | F100: 30000 | G100: 4000 | H100: =200*20 -> 4000 | I100: 1 | J100: 0 | K100: VLSFO | L100: =IF(K100 ="VLSFO", $N$2,$O$2) -> 504 | M100: Singapore | N100: =VLOOKUP(M100, 'Input - Bunker'!$A$2:$C$5,2,0) -> 504 | O100: =VLOOKUP(M100, 'Input - Bunker'!$A$2:$C$5,3,0) -> 591 | P100: ='Input - OD Intl'!I17 -> 1790 | Q100: =VLOOKUP(B100, 'Input - Vessel List'!$B$2:$K$11, 7,0) -> 10 | R100: =P100*2/(Q100*24) -> 14.916667 | S100: =(F100/G100)+(F100/H100) -> 15 | T100: =I100+J100 -> 1 | U100: =SUM(R100:T100) -> 30.916667 | V100: =VLOOKUP(B100, 'Input - Vessel List'!$B$2:$M$15, 11,0) -> 11.72093 | W100: =VLOOKUP(B100, 'Input - Vessel List'!$B$2:$M$15, 12,0) -> 0.98455814 | X100: =((R100*L100*V100)+(R100*L100*W100))*-1 -> -95519.862 | Y100: =S100*O100*W100*2*-1 -> -17456.216 | Z100: =T100*O100*W100*-1 -> -581.87386 | AA100: =SUM(X100:Z100) -> -113557.95 | AB100: =2.05*F100*-1*2 -> -123000 | AD100: =VLOOKUP(B100,'Input - Vessel List'!B:C,2,0) -> 12000 | AE100: =AD100*U100*-1 -> -371000 | AF100: =AA100+AB100+AE100+AC100 -> -607557.95 | AG100: =AF100/F100*-1 -> 20.251932
...

Sheet Output - Freight
A1: INDIKASI TARIF ANGKUTAN LAUT TUJUAN EKSPOR PI GRUP
I2: Update per tanggal 09/05/2025
A3: Jenis Produk (In Bulk / In Bag) | B3: Info Tarif Angkutan Bulan November 2024
B4: Tujuan | D4: Asal Pelabuhan | I4: Term and Condition
D5: PKG | E5: PKC | F5: PKT | G5: PIM | H5: PSP
B6: Negara | C6: Pelabuhan | D6: Gresik | E6: Cigading | F6: Bontang | G6: Lhoksumawe | H6: Palembang
A7: Urea | B7: Philippines | C7: Davao | D7: ='Process - Intl'!AG2 -> 17.271576 | E7: ='Process - Intl'!AG31 -> 19.08126 | F7: ='Process - Intl'!AG60 -> 14.006217 | G7: ='Process - Intl'!AG89 -> 18.968794 | H7: ='Process - Intl'!AG118 -> 19.648704 | I7: Handysize 30.000 ton
B8: Thailand | C8: Bangkok | D8: ='Process - Intl'!AG3 -> 18.662068 | E8: ='Process - Intl'!AG32 -> 17.762338 | F8: ='Process - Intl'!AG61 -> 19.394372 | G8: ='Process - Intl'!AG90 -> 17.854356 | H8: ='Process - Intl'!AG119 -> 16.591667 | I8: Handysize 30.000 ton
B9: Vietnam | C9: Hai Phong | D9: ='Process - Intl'!AG4 -> 20.405295 | E9: ='Process - Intl'!AG33 -> 19.710049 | F9: ='Process - Intl'!AG62 -> 18.504867 | G9: ='Process - Intl'!AG91 -> 20.251932 | H9: ='Process - Intl'!AG120 -> 18.820543 | I9: Handysize 30.000 ton
B10: Jepang | C10: Nagoya | D10: ='Process - Intl'!AG5 -> 26.412014 | E10: ='Process - Intl'!AG34 -> 26.866991 | F10: ='Process - Intl'!AG63 -> 23.146655 | G10: ='Process - Intl'!AG92 -> 27.792282 | H10: ='Process - Intl'!AG121 -> 26.238203 | I10: Handysize 30.000 ton
B11: Taiwan | C11: Taichung | D11: ='Process - Intl'!AG6 -> 21.627087 | E11: ='Process - Intl'!AG35 -> 21.637311 | F11: ='Process - Intl'!AG64 -> 18.310607 | G11: ='Process - Intl'!AG93 -> 22.286548 | H11: ='Process - Intl'!AG122 -> 20.768254 | I11: Handysize 30.000 ton
B12: WC-India | C12: Mundra | D12: ='Process - Intl'!AG7 -> 28.553985 | E12: ='Process - Intl'!AG36 -> 26.350669 | F12: ='Process - Intl'!AG65 -> 29.184093 | G12: ='Process - Intl'!AG94 -> 22.741525 | H12: ='Process - Intl'!AG123 -> 26.560265 | I12: Handysize 30.000 ton
B13: Australia | C13: Geelong | D13: ='Process - Intl'!AG8 -> 27.674703 | E13: ='Process - Intl'!AG37 -> 28.119456 | F13: ='Process - Intl'!AG66 -> 29.308575 | G13: ='Process - Intl'!AG95 -> 33.226446 | H13: ='Process - Intl'!AG124 -> 29.70932 | I13: Handysize 30.000 ton
B14: North Afrika | C14: Jorf Lasfar | D14: ='Process - Intl'!AG9 -> 51.083017 | E14: ='Process - Intl'!AG38 -> 48.879701 | F14: ='Process - Intl'!AG67 -> 52.945096 | G14: ='Process - Intl'!AG96 -> 45.337015 | H14: ='Process - Intl'!AG125 -> 49.150643 | I14: Handysize 30.000 ton
B15: Brazil | C15: Santos | D15: ='Process - Intl'!AG10 -> 56.215567 | E15: ='Process - Intl'!AG39 -> 54.012251 | F15: ='Process - Intl'!AG68 -> 57.239261 | G15: ='Process - Intl'!AG97 -> 54.523462 | H15: ='Process - Intl'!AG126 -> 55.602115 | I15: Handysize 30.000 ton
A16: NPK | B16: Philippines | C16: Davao | D16: ='Process - Intl'!AG11 -> 17.271576 | E16: ='Process - Intl'!AG40 -> 19.08126 | F16: ='Process - Intl'!AG69 -> 14.006217 | G16: ='Process - Intl'!AG98 -> 18.968794 | H16: ='Process - Intl'!AG127 -> 19.648704 | I16: Handysize 30.000 ton
B17: Thailand | C17: Bangkok | D17: ='Process - Intl'!AG12 -> 18.662068 | E17: ='Process - Intl'!AG41 -> 17.762338 | F17: ='Process - Intl'!AG70 -> 19.394372 | G17: ='Process - Intl'!AG99 -> 17.854356 | H17: ='Process - Intl'!AG128 -> 16.591667 | I17: Handysize 30.000 ton
B18: Vietnam | C18: Hai Phong | D18: ='Process - Intl'!AG13 -> 20.405295 | E18: ='Process - Intl'!AG42 -> 19.710049 | F18: ='Process - Intl'!AG71 -> 18.504867 | G18: ='Process - Intl'!AG100 -> 20.251932 | H18: ='Process - Intl'!AG129 -> 18.820543 | I18: Handysize 30.000 ton
B19: Malaysia | C19: Port Klang | D19: ='Process - Intl'!AG14 -> 15.993551 | E19: ='Process - Intl'!AG43 -> 14.914898 | F19: ='Process - Intl'!AG72 -> 17.288186 | G19: ='Process - Intl'!AG101 -> 12.650236 | H19: ='Process - Intl'!AG130 -> 13.483509 | I19: Handysize 30.000 ton
B20: Laos | D20: 0 | E20: 0 | F20: 0 | G20: 0 | H20: 0 | I20: via Thailand/Vietnam
B21: WC-India | C21: Mundra | D21: ='Process - Intl'!AG16 -> 28.553985 | E21: ='Process - Intl'!AG45 -> 26.350669 | F21: ='Process - Intl'!AG74 -> 30.410952 | G21: ='Process - Intl'!AG103 -> 22.741525 | H21: ='Process - Intl'!AG132 -> 26.560265 | I21: Handysize 30.000 ton
B22: Morocco | C22: Jorf Lasfar | D22: ='Process - Intl'!AG17 -> 56.732128 | E22: ='Process - Intl'!AG46 -> 54.528812 | F22: ='Process - Intl'!AG75 -> 58.594207 | G22: ='Process - Intl'!AG104 -> 50.986126 | H22: ='Process - Intl'!AG133 -> 54.799754 | I22: Handysize 30.000 ton
B23: Myanmar | C23: Yangon | D23: ='Process - Intl'!AG18 -> 20.573994 | E23: ='Process - Intl'!AG47 -> 19.490229 | F23: ='Process - Intl'!AG76 -> 21.863517 | G23: ='Process - Intl'!AG105 -> 14.669517 | H23: ='Process - Intl'!AG134 -> 18.05884 | I23: Handysize 30.000 ton
B24: Afrika Selatan | C24: Richard's Bay | D24: ='Process - Intl'!AG19 -> 35.716039 | E24: ='Process - Intl'!AG48 -> 33.512724 | F24: ='Process - Intl'!AG77 -> 37.578118 | G24: ='Process - Intl'!AG106 -> 33.246894 | H24: ='Process - Intl'!AG135 -> 35.102587 | I24: Handysize 30.000 ton
B25: Mesir | C25: Port Said | D25: ='Process - Intl'!AG20 -> 45.710437 | E25: ='Process - Intl'!AG49 -> 43.507121 | F25: ='Process - Intl'!AG78 -> 47.572516 | G25: ='Process - Intl'!AG107 -> 39.964435 | H25: ='Process - Intl'!AG136 -> 43.778062 | I25: Handysize 30.000 ton
B26: Tanzania | C26: Dar es Salaam | D26: ='Process - Intl'!AG21 -> 33.660974 | E26: ='Process - Intl'!AG50 -> 31.457659 | F26: ='Process - Intl'!AG79 -> 35.517941 | G26: ='Process - Intl'!AG108 -> 29.310576 | H26: ='Process - Intl'!AG137 -> 33.04241 | I26: Handysize 30.000 ton
B27: Ghana | C27: Tema | D27: ='Process - Intl'!AG22 -> 52.713778 | E27: ='Process - Intl'!AG51 -> 50.510462 | F27: ='Process - Intl'!AG80 -> 54.570744 | G27: ='Process - Intl'!AG109 -> 50.607592 | H27: ='Process - Intl'!AG138 -> 52.095213 | I27: Handysize 30.000 ton
A28: Amoniak | B28: Jepang | C28: Niihama | D28: ='Process - Intl'!AG23 -> 70.045484 | E28: ='Process - Intl'!AG52 -> 70.514701 | F28: ='Process - Intl'!AG81 -> 60.841597 | G28: ='Process - Intl'!AG110 -> 73.88946 | H28: ='Process - Intl'!AG139 -> 68.2408 | I28: Handy SR 15.000 ton
B29: South Korea | C29: Busan | D29: ='Process - Intl'!AG24 -> 68.078379 | E29: ='Process - Intl'!AG53 -> 68.800252 | F29: ='Process - Intl'!AG82 -> 58.694024 | G29: ='Process - Intl'!AG111 -> 71.074153 | H29: ='Process - Intl'!AG140 -> 65.73229 | I29: Handy SR 15.000 ton
B30: China | C30: Zhoushan | D30: ='Process - Intl'!AG25 -> 60.967925 | E30: ='Process - Intl'!AG54 -> 60.877691 | F30: ='Process - Intl'!AG83 -> 51.583571 | G30: ='Process - Intl'!AG112 -> 63.133546 | H30: ='Process - Intl'!AG141 -> 57.827776 | I30: Handy SR 15.000 ton
B31: Australia | C31: Kwinana | D31: ='Process - Intl'!AG26 -> 46.801159 | E31: ='Process - Intl'!AG55 -> 48.461468 | F31: ='Process - Intl'!AG84 -> 53.749191 | G31: ='Process - Intl'!AG113 -> 66.959475 | H31: ='Process - Intl'!AG142 -> 54.074034 | I31: Handy SR 15.000 ton
B32: WC-India | C32: Tuticorin | D32: ='Process - Intl'!AG27 -> 60.02949 | E32: ='Process - Intl'!AG56 -> 52.251304 | F32: ='Process - Intl'!AG85 -> 68.908533 | G32: ='Process - Intl'!AG114 -> 39.510238 | H32: ='Process - Intl'!AG143 -> 52.991224 | I32: Handy SR 15.000 ton
B33: Myanmar | C33: Yangon | D33: ='Process - Intl'!AG28 -> 50.825604 | E33: ='Process - Intl'!AG57 -> 46.999674 | F33: ='Process - Intl'!AG86 -> 57.701448 | G33: ='Process - Intl'!AG115 -> 29.981508 | H33: ='Process - Intl'!AG144 -> 41.94656 | I33: Handy SR 15.000 ton
B34: Thailand | C34: Bangkok | D34: ='Process - Intl'!AG29 -> 44.076087 | E34: ='Process - Intl'!AG58 -> 40.899844 | F34: ='Process - Intl'!AG87 -> 48.984826 | G34: ='Process - Intl'!AG116 -> 41.224687 | H34: ='Process - Intl'!AG145 -> 36.767119 | I34: Handy SR 15.000 ton
B35: Taiwan | C35: Taichung | D35: ='Process - Intl'!AG30 -> 54.543252 | E35: ='Process - Intl'!AG59 -> 54.579345 | F35: ='Process - Intl'!AG88 -> 38.192819 | G35: ='Process - Intl'!AG117 -> 56.871294 | H35: ='Process - Intl'!AG146 -> 51.511383 | I35: Handy SR 15.000 ton
A37: Catatan:
A38: *Tripcharter Rate Estimates Clarksons SIW per 09/05/2025

Sheet Sheet1
A1: Perbandingan tarif sewa kapal/size kapal | B1: 0.2063
A2: 5000 | B2: =A2*B1 -> 1031.5
A3: 30000 | B3: 29.8
A5: TCE | B5: Bunker | C5: Port Charge
A7: OPEX
A8: Gaji
A9: Repairs/Maintenance
A10: Sparepart
A11: Asuransi
A12: Bunga
A13: Overhead
A14: Lube Oil
A15: Drydock
A16: Provision
A18: Depresiasi | B18: Clarkson
A19: =5500000/20/365 -> 753.42466

Sheet DatVal
A2: General Cargo | B2: Owned | C2: Waiting Loading | D2: 1 | E2: HSD
A3: Dry bulk | B3: Charter | C3: Loading | D3: 2 | E3: VLSFO
A4: LPG/C | C4: Sailing to PoD | D4: 3
C5: Waiting Discharge | D5: 4
C6: Discharge | D6: 5
C7: Sailing to PoL | D7: 6
C8: Ship Breakdown | D8: 7
C9: Waiting Instruction | D9: 8
D10: 9
D11: 10
C12: Ship Breakdown | D12: 11
D13: 12
D14: 13
D15: 14
D16: 15
D17: 16
D18: 17
D19: 18
D20: 19
D21: 20
D22: 21
D23: 22
D24: 23
... D31: 30
